100644 d9094ee7b95c12031f18c5668010c6d0823993cd 0	.gitattributes
100644 e3b07d26d39814ce9162422149c0174c6da7972e 0	.gitignore
100644 e9196b16c4c4d2a62e4d198755cbc6486597f9df 0	HANDOFF.md
100644 7006f23b6c002a78b53fd643b98f7a6f6455fcf9 0	LICENSE
100644 dbf103db2db202f9f31fc0aad29a08415af50988 0	README.md
100644 9d82e112e4334c7e2512ed486f858844db571d5d 0	apps/nodetasks_streamlit.py
100644 f952abde7b938cbedb6f9dd47c6baab6da624474 0	assets/nodetasks-01-search.png
100644 204a23a918dc32460dd014940c4817486d798b59 0	assets/nodetasks-02-saved-views.png
100644 a767081060e00a8b2fabe5661024905de7d74a2e 0	assets/nodetasks-03-provenance.png
100644 bbd1c05a48b91026db2d85406a80a9a593b600b8 0	assets/nodetasks-04-nodeagent.png
100644 d92c4bbfa8abbda26f6c476ff97695a173f95e2b 0	assets/nodetasks-streamlit-explorer.gif
100644 69175f1e84bfd62547fe56debb1c9f5a8c7b1f0b 0	catalog/all-tasks.json
100644 dfa64766bbe64a5ce14df04ad345c22e4bc4543a 0	catalog/benchmark-proxy-adapters.json
100644 b5d2b6ca54280f2202fbff5ce33bb4572e5e044b 0	catalog/extracted-tasks.json
100644 6a346a40d3b12e1ed41841a5818e668069185f0d 0	catalog/hierarchy.json
100644 97590a7e8cc293aa05acee1312d367233356107d 0	catalog/live-interaction-tasks.json
100644 a3d7eeb2b5bfded9a4475a8bbb158dedda1495ca 0	catalog/provenance-index.json
100644 42ef846dd28bc27024067bd811ee3a1558459882 0	catalog/ranked-tasks.json
100644 41c407342ab7587649825a9c87b91c765830a21d 0	catalog/saved-views.json
100644 3e6d7af74d4c7cc60bfe262ee255949c93a7e010 0	catalog/search-index.js
100644 c48e60cd7fc65f681e1069d96fc19f66221275e6 0	catalog/search-index.jsonl
100644 91648ef0102c2f8221d03f5abfa080d785ca5283 0	catalog/source-files.json
100644 759cd2a0909dd30276ff28ae82c2ef808775a4fe 0	catalog/tag-index.json
100644 ef7c59066f9041426151619431f0cdbf66fc2045 0	catalog/task-browser.html
100644 b26c2d4d71fa741ddd124fa529aa3d9645923877 0	catalog/task-bundles.json
100644 9ee8640ef56ac6d3a84f164d54e0b58c3cdd352a 0	catalog/task-families.md
100644 ff447f858698b78ca64a853893de1fcdc37525d5 0	catalog/task-index.json
100644 8b246233268f6d5627365ee10199708020d2d209 0	docs/FEATURE_PROOF_STORYBOARD.md
100644 b84a252554686be76cf4ce64449bb7be8dfa16a7 0	docs/NODEAGENT_BRIDGE.md
100644 956c8e148958966186960dcc465423bea9523aae 0	docs/PERSONA_SMOKE_RESULTS.md
100644 2bf105053c154b137ec081a5ed9d3d10e518683e 0	docs/UPSTREAM_PROVENANCE.md
100644 fa1385d99a319b43c06f5309d1aae9fdd3adea46 0	evidence/corpus-first-use-20260905/.gitattributes
100644 51f38c064b651bdd5980c6cffaef8a5a83a4e8fe 0	evidence/corpus-first-use-20260905/README.md
100644 0210d36ce1fcf491d816541bcb0433b1deeb9a31 0	evidence/corpus-first-use-20260905/baseline/baseline.json
100644 c1456f1fcb2dbf44ad1a178dd63db628877e5d64 0	evidence/corpus-first-use-20260905/baseline/commands.json
100644 e69de29bb2d1d6434b8b29ae775ad8c2e48c5391 0	evidence/corpus-first-use-20260905/baseline/create-python-environment.log
100644 1f3f5e46ec75281f562f077d9ae58aa0b0c67ce0 0	evidence/corpus-first-use-20260905/baseline/doctor.log
100644 737cf4c86dc769e96a731304a110cdeedd16651a 0	evidence/corpus-first-use-20260905/baseline/node-version.log
100644 d23fa1f86618067cb4c0512fca34fd275823415f 0	evidence/corpus-first-use-20260905/baseline/nodekit-launcher-inputs.json
100644 8c005800ba48e87bff41a0aa697478c2a916f22b 0	evidence/corpus-first-use-20260905/baseline/nodekit-repo-check.log
100644 8d663585b9cb504e4711423532f4db7e38c2ab2a 0	evidence/corpus-first-use-20260905/baseline/npm-ci.log
100644 51b288c12f97178f5c3b5303af210e65d00e726d 0	evidence/corpus-first-use-20260905/baseline/npm-version.log
100644 1aca0f4345f34448b0746492b38e96694cc4a6f5 0	evidence/corpus-first-use-20260905/baseline/proof.log
100644 3c5bb75d6f0319358a5f42b500942dd50b890f06 0	evidence/corpus-first-use-20260905/baseline/python-installed-freeze.log
100644 314488fafb86194a0d19bb1d28aa193f7e746179 0	evidence/corpus-first-use-20260905/baseline/python-requirements.log
100644 706d602b087681e074cfd2dd3fc70ebff7aca611 0	evidence/corpus-first-use-20260905/baseline/python-version.log
100644 2bba3f4cd89dbe88dc556e643623acb6912a344f 0	evidence/corpus-first-use-20260905/baseline/search.log
100644 7c6aff5f3c33e416aedede31eb669bdad93cc62e 0	evidence/corpus-first-use-20260905/baseline/test.log
100644 ead2f1d80f1b381d8f28f8aef4320d2ce4bd85d8 0	evidence/corpus-first-use-20260905/context/E6h-nodetasks-path-baseline-01.json
100644 cf4d111d1cfd4b9dfcfeb9cf710b2dde94fbe604 0	evidence/corpus-first-use-20260905/context/E6h-nodetasks-source-export-01/actual-git-tree-addendum.json
100644 af05ada64e1e1b27c4278210ccd46a489501abdb 0	evidence/corpus-first-use-20260905/context/E6h-nodetasks-source-export-01/source-export.json
100644 6b4ad584bec61771d313febf7ec317c1c5ebe685 0	evidence/corpus-first-use-20260905/context/E6h-nodetasks-ui-findings-before-label-correction.mjs.txt
100644 15a027b33fa9f4110d2a866f3126457ce1f78f32 0	evidence/corpus-first-use-20260905/context/E6h-nodetasks-ui-findings-before.mjs.txt
100644 ca4e5a94215d8367538c9ee60794b0ee84d0e535 0	evidence/corpus-first-use-20260905/context/E6h_NODETASKS_BASELINE_JUDGE.json
100644 64b658866f4ecc6fa619ccedabc7901539038d88 0	evidence/corpus-first-use-20260905/context/E6h_NODETASKS_BASELINE_JUDGE.md.txt
100644 f93908d7aa62a4f1e40a9bb87b0eb333a39dd2a7 0	evidence/corpus-first-use-20260905/context/E6h_NODETASKS_PR1_PLAN_JUDGE.json
100644 17aba1edb263f9feb45f9f58c798587c1e146c11 0	evidence/corpus-first-use-20260905/context/E6h_NODETASKS_PR1_PLAN_JUDGE.md.txt
100644 46c36bab54b8a5566ee53389b7f243b13ffa21a0 0	evidence/corpus-first-use-20260905/context/E6h_NODETASKS_PR1_REVIEW_PLAN.json
100644 aca593e32d4ad5c4c6d1427ef214498003867380 0	evidence/corpus-first-use-20260905/context/E6h_NODETASKS_PR1_REVIEW_PLAN.md.txt
100644 9c9a8b4f3d435d5e7ff4b6b9ffa016dd0795faec 0	evidence/corpus-first-use-20260905/context/E6h_NODETASKS_UI_FOLLOWON_PLAN.json
100644 8e5c311ae9814f2ac05cfedac2f978465a545e0d 0	evidence/corpus-first-use-20260905/context/E6h_NODETASKS_UI_FOLLOWON_PLAN.md.txt
100644 e9df4ef3ed34ce726c0dfe95bccb040c9bd71bee 0	evidence/corpus-first-use-20260905/history/original-README.md.txt
100644 c8ad7479d153bd84433a7e326425bc36007f78ca 0	evidence/corpus-first-use-20260905/history/original-manifest.json
100644 95558a371329cf83bc0578dba0eddab4d4c469f6 0	evidence/corpus-first-use-20260905/independent/E6h-nodetasks-first-use-judge/actual-download-and-browser-readback.json
100644 1b1e25ae40e2d4e0b13a0e89fad9083ba63db86a 0	evidence/corpus-first-use-20260905/independent/E6h-nodetasks-first-use-judge/actual-source.diff.txt
100644 0e2473674f18ebe4ebba366ddfff28d462dc6d76 0	evidence/corpus-first-use-20260905/independent/E6h-nodetasks-first-use-judge/actual-stale-download-readback.json
100644 b3d9cfa21c0fab3b6a9da09b08579b1f20997924 0	evidence/corpus-first-use-20260905/independent/E6h-nodetasks-first-use-judge/artifact-manifest.json
100644 06777c321f2029615b98ea1529de98db74d0682b 0	evidence/corpus-first-use-20260905/independent/E6h-nodetasks-first-use-judge/closing-guards.json
100644 a263c7b70f76ce13ac8bdff4cfd77366873e998f 0	evidence/corpus-first-use-20260905/independent/E6h-nodetasks-first-use-judge/collector-before-archive-mode.log
100644 48bfe81ab9670cdd75658c89e948d23d3d06f406 0	evidence/corpus-first-use-20260905/independent/E6h-nodetasks-first-use-judge/collector-before-archive-mode.py.txt
100644 33aad28d3f6a55b459b1069d2f14476600e9ede7 0	evidence/corpus-first-use-20260905/independent/E6h-nodetasks-first-use-judge/collector-boundary.json
100644 d5db37ba7a6c56a5eb36f5f78cf0d1ff37142fe6 0	evidence/corpus-first-use-20260905/independent/E6h-nodetasks-first-use-judge/collector-final.log
100644 106aa46051c64604f046022579f80c13980d4f1f 0	evidence/corpus-first-use-20260905/independent/E6h-nodetasks-first-use-judge/collector.py.txt
100644 c05cf8f251e71b8ae793f003e3093f341dc96583 0	evidence/corpus-first-use-20260905/independent/E6h-nodetasks-first-use-judge/freeze-judge.py.txt
100644 f1f57b0b1e275b7a9516d1711bc76f5ca7aa3407 0	evidence/corpus-first-use-20260905/independent/E6h-nodetasks-first-use-judge/head.raw.txt
100644 e9c8e159f9906749c5708109965b3f697716e682 0	evidence/corpus-first-use-20260905/independent/E6h-nodetasks-first-use-judge/historical-failures.json
100644 b1774056a58b2019375e1fa9b342e2cbac96ec8b 0	evidence/corpus-first-use-20260905/independent/E6h-nodetasks-first-use-judge/indexEntries.raw.txt
100644 4b5ce666a9e0cb5b362b89c59ef9c66a5fc24752 0	evidence/corpus-first-use-20260905/independent/E6h-nodetasks-first-use-judge/installed-current-bindings.json
100644 694ea716132c5425ba8fa22bec90f771a6430e43 0	evidence/corpus-first-use-20260905/independent/E6h-nodetasks-first-use-judge/links.json
100644 e71cd623e5ea7af07997d7d45953d0521f7306b7 0	evidence/corpus-first-use-20260905/independent/E6h-nodetasks-first-use-judge/nodekit-current-inputs.json
100644 73dbc7f82435fb44a5344d76e999fc29fc76aeab 0	evidence/corpus-first-use-20260905/independent/E6h-nodetasks-first-use-judge/portable-bindings.json
100644 d17309a0a372c71fd5e1e698c0c9b2acd6e88073 0	evidence/corpus-first-use-20260905/independent/E6h-nodetasks-first-use-judge/publication-blocked-names.json
100644 d984b7fb25a5db01f47098389990b123fb5c158c 0	evidence/corpus-first-use-20260905/independent/E6h-nodetasks-first-use-judge/read-only-checks-before-archive-mode.json
100644 c2d19241023bcda4d6ca8a7ab225a421a5181a06 0	evidence/corpus-first-use-20260905/independent/E6h-nodetasks-first-use-judge/read-only-checks.json
100644 35a2af6756aa68a0f665b219d6fad8d226a7a7d6 0	evidence/corpus-first-use-20260905/independent/E6h-nodetasks-first-use-judge/refs.raw.txt
100644 41c03e16d9c4c6ba548bd8d1e421e69db0306bc7 0	evidence/corpus-first-use-20260905/independent/E6h-nodetasks-first-use-judge/reviewed-artifact-copies.json
100644 e9df4ef3ed34ce726c0dfe95bccb040c9bd71bee 0	evidence/corpus-first-use-20260905/independent/E6h-nodetasks-first-use-judge/reviewed-raw/README.md.txt
100644 9e879b96cef1913339a70dad7d5bc71181fa49ea 0	evidence/corpus-first-use-20260905/independent/E6h-nodetasks-first-use-judge/reviewed-raw/worker/browser-first-07.command.json
100644 2ecb676a4ae2062f174978502be57e602de71b0d 0	evidence/corpus-first-use-20260905/independent/E6h-nodetasks-first-use-judge/reviewed-raw/worker/browser-first-07/report.json
100644 27d3d4291b44c6d7d4a0743121b252f98f389355 0	evidence/corpus-first-use-20260905/independent/E6h-nodetasks-first-use-judge/reviewed-raw/worker/current-check-01.log
100644 1e7be0bf6447aa17eac4025547dbd9803ff76860 0	evidence/corpus-first-use-20260905/independent/E6h-nodetasks-first-use-judge/reviewed-raw/worker/current-check-02.log
100644 b48b4655beb6f2e07600230daed7aad1d8fb1ff1 0	evidence/corpus-first-use-20260905/independent/E6h-nodetasks-first-use-judge/reviewed-raw/worker/doctor-owner-addendum.json
100644 fc11d83a828fe42d14fe0f8ee6d0c7824ebb5195 0	evidence/corpus-first-use-20260905/independent/E6h-nodetasks-first-use-judge/reviewed-raw/worker/installed-bindings.json
100644 3676eed2f87eaf0ef785815d09418f8b889520cf 0	evidence/corpus-first-use-20260905/independent/E6h-nodetasks-first-use-judge/reviewed-raw/worker/nodekit-current-check.command.json
100644 da00cb6ffa0cb47d1c50f4221f43555bb9d89df5 0	evidence/corpus-first-use-20260905/independent/E6h-nodetasks-first-use-judge/reviewed-raw/worker/nodekit-current-check.log
100644 fcaa0fbf690277dc63d1d1962fbd726a68aa516c 0	evidence/corpus-first-use-20260905/independent/E6h-nodetasks-first-use-judge/reviewed-raw/worker/nodekit-current-input-guard.json
100644 67e64c6dfbabc16595f0ffee66bfe988c50687c1 0	evidence/corpus-first-use-20260905/independent/E6h-nodetasks-first-use-judge/reviewed-raw/worker/path-after-probe.mjs.txt
100644 db5e157b02dc7610ab99057c66a37b46ebc552de 0	evidence/corpus-first-use-20260905/independent/E6h-nodetasks-first-use-judge/reviewed-raw/worker/path-after.json
100644 1ca81decb4b832ce56721efbfa30483030a458bd 0	evidence/corpus-first-use-20260905/independent/E6h-nodetasks-first-use-judge/reviewed-raw/worker/run-command.py.txt
100644 9f44d5f34e2e11920dab4ff99406f020e0c5443c 0	evidence/corpus-first-use-20260905/independent/E6h-nodetasks-first-use-judge/source-before/README.md.txt
100644 cd42d18404dcf0c565b7435c7f9a3820b0c39790 0	evidence/corpus-first-use-20260905/independent/E6h-nodetasks-first-use-judge/source-before/docs/NODEAGENT_BRIDGE.md.txt
100644 3911771e06e9403395f58ba07f659c79b3b9e8c5 0	evidence/corpus-first-use-20260905/independent/E6h-nodetasks-first-use-judge/source-before/docs/UPSTREAM_PROVENANCE.md.txt
100644 24ea0f49b6d96eb23407c4bb5f215b0cda5b6d1a 0	evidence/corpus-first-use-20260905/independent/E6h-nodetasks-first-use-judge/source-before/nodekit.yaml.txt
100644 7dff7a3d772bc2cbad3bc0b4bad8751268c19120 0	evidence/corpus-first-use-20260905/independent/E6h-nodetasks-first-use-judge/source-before/scripts/doctor.mjs.txt
100644 7bfa5e2f5cfc517f5c9f3637a33ae98bc067fe0e 0	evidence/corpus-first-use-20260905/independent/E6h-nodetasks-first-use-judge/source-before/scripts/validate-catalog.mjs.txt
100644 e6ed31656ef1faffdd8991ebb011bd9759ef0c03 0	evidence/corpus-first-use-20260905/independent/E6h-nodetasks-first-use-judge/source-before/test/corpus-validation.test.mjs.txt
100644 0f5136cac0a215d8eddfbdf87b35ef90d3646093 0	evidence/corpus-first-use-20260905/independent/E6h-nodetasks-first-use-judge/source-current-bindings.json
100644 e9196b16c4c4d2a62e4d198755cbc6486597f9df 0	evidence/corpus-first-use-20260905/independent/E6h-nodetasks-first-use-judge/source-current/HANDOFF.md.txt
100644 dbf103db2db202f9f31fc0aad29a08415af50988 0	evidence/corpus-first-use-20260905/independent/E6h-nodetasks-first-use-judge/source-current/README.md.txt
100644 b84a252554686be76cf4ce64449bb7be8dfa16a7 0	evidence/corpus-first-use-20260905/independent/E6h-nodetasks-first-use-judge/source-current/docs/NODEAGENT_BRIDGE.md.txt
100644 2bf105053c154b137ec081a5ed9d3d10e518683e 0	evidence/corpus-first-use-20260905/independent/E6h-nodetasks-first-use-judge/source-current/docs/UPSTREAM_PROVENANCE.md.txt
100644 89f55ded90e7c4efed8889a11e3440a738a89e87 0	evidence/corpus-first-use-20260905/independent/E6h-nodetasks-first-use-judge/source-current/nodekit.yaml.txt
100644 22ea832a9b0c44ab1911c7b22776579d596436ea 0	evidence/corpus-first-use-20260905/independent/E6h-nodetasks-first-use-judge/source-current/scripts/doctor.mjs.txt
100644 cbab12d4a9e4a7c9b01df8bef915d06df6bbd904 0	evidence/corpus-first-use-20260905/independent/E6h-nodetasks-first-use-judge/source-current/scripts/validate-catalog.mjs.txt
100644 ac18a9639d5dda71f06bdb3bb9606daa0fab8a19 0	evidence/corpus-first-use-20260905/independent/E6h-nodetasks-first-use-judge/source-current/scripts/verify-first-use.mjs.txt
100644 7936879c97632bbf8dc9f65f15a60c006b2cfc3a 0	evidence/corpus-first-use-20260905/independent/E6h-nodetasks-first-use-judge/source-current/test/corpus-validation.test.mjs.txt
100644 3344fb727372e7f87a047067051aeab8e984053a 0	evidence/corpus-first-use-20260905/independent/E6h-nodetasks-first-use-judge/stale-downloads/1440-1.json
100644 3344fb727372e7f87a047067051aeab8e984053a 0	evidence/corpus-first-use-20260905/independent/E6h-nodetasks-first-use-judge/stale-downloads/1440-2.json
100644 3344fb727372e7f87a047067051aeab8e984053a 0	evidence/corpus-first-use-20260905/independent/E6h-nodetasks-first-use-judge/stale-downloads/390-1.json
100644 3344fb727372e7f87a047067051aeab8e984053a 0	evidence/corpus-first-use-20260905/independent/E6h-nodetasks-first-use-judge/stale-downloads/390-2.json
100644 e69de29bb2d1d6434b8b29ae775ad8c2e48c5391 0	evidence/corpus-first-use-20260905/independent/E6h-nodetasks-first-use-judge/status.raw.txt
100644 97f685a858c9558b01878a75dbbe1a72b71adfea 0	evidence/corpus-first-use-20260905/independent/E6h-nodetasks-first-use-judge/viewed/ui-before-original/native-pending-1440-1/after-click.png
100644 97f103baa009ae998216f539c5af12f7099b72c8 0	evidence/corpus-first-use-20260905/independent/E6h-nodetasks-first-use-judge/viewed/ui-before-original/native-pending-1440-1/settled.png
100644 8212bccab66d6a13acf55434629ee4069709b0ec 0	evidence/corpus-first-use-20260905/independent/E6h-nodetasks-first-use-judge/viewed/worker/browser-first-07/1440-entry.png
100644 24cf1eebbf11761f3ee0c10e694fd690402a0359 0	evidence/corpus-first-use-20260905/independent/E6h-nodetasks-first-use-judge/viewed/worker/browser-first-07/1440-local-answer.png
100644 1d8c6cedcb3c3a5adf903f7747a98aa63707d0ba 0	evidence/corpus-first-use-20260905/independent/E6h-nodetasks-first-use-judge/viewed/worker/browser-first-07/320-static-selected.png
100644 7b7f94ba78c80890d8fdb95538446126295a01c3 0	evidence/corpus-first-use-20260905/independent/E6h-nodetasks-first-use-judge/viewed/worker/browser-first-07/390-keyboard.png
100644 b46857c338750563fb3f5174bdc32870ecda0408 0	evidence/corpus-first-use-20260905/independent/E6h-nodetasks-first-use-judge/viewed/worker/browser-first-07/390-no-result-state.png
100644 19bb5423cc8011def2cf9bd41efbe28e9cb78909 0	evidence/corpus-first-use-20260905/independent/E6h-nodetasks-first-use-judge/viewed/worker/browser-first-07/390-static-selected.png
100644 6616fa4e0edcafe4c71d786f55bbafc74743d161 0	evidence/corpus-first-use-20260905/independent/E6h-nodetasks-first-use-judge/viewed/worker/browser-first-07/390-task-provenance.png
100644 499b9dcbbde82f7c11ea31d0e9817727e1b519bb 0	evidence/corpus-first-use-20260905/independent/E6h-nodetasks-first-use-judge/viewed/worker/browser-first-07/390-text200.png
100644 3127216133260c872b003c52c53bb6f749f63096 0	evidence/corpus-first-use-20260905/independent/E6h-nodetasks-first-use-judge/worktrees.raw.txt
100644 64994733ca7795e84f3ae396f45af70218d52b17 0	evidence/corpus-first-use-20260905/independent/E6h_NODETASKS_FIRST_USE_FINAL_JUDGE.json
100644 4e3545119585a76d01b3f741ad4b561b9c3b0530 0	evidence/corpus-first-use-20260905/independent/E6h_NODETASKS_FIRST_USE_FINAL_JUDGE.md.txt
100644 7816e91936165bfa3579d490c9f9cb3eb2d77453 0	evidence/corpus-first-use-20260905/manifest.json
100644 2ee4c4dccb00f9fbaa47d9002df8221183e443ae 0	evidence/corpus-first-use-20260905/original-payload-inventory.json
100644 b64405b74e0e51a6505e527f631ef7ec455710f7 0	evidence/corpus-first-use-20260905/ui-before-labelled/download-ready-1440/before.json
100644 b089d34e10159fbe21dc4da70d759cbbfce3b56f 0	evidence/corpus-first-use-20260905/ui-before-labelled/download-ready-1440/before.png
100644 7792475a17c7688785c87f652bf32391ba5dcac7 0	evidence/corpus-first-use-20260905/ui-before-labelled/download-ready-1440/change-boundary.md.txt
100644 6aa15ca9293511afe42129bbbe5291855db32303 0	evidence/corpus-first-use-20260905/ui-before-labelled/download-ready-1440/change-boundary.png
100644 cbd11604d465f764ccdeae01fab5e98ab683d5ea 0	evidence/corpus-first-use-20260905/ui-before-labelled/download-ready-390/before.json
100644 1c7976796cd517d8607038ca27996d7f8c7cafde 0	evidence/corpus-first-use-20260905/ui-before-labelled/download-ready-390/before.png
100644 345c81c7cbb840f7af453fd9658cd630c6587601 0	evidence/corpus-first-use-20260905/ui-before-labelled/download-ready-390/change-boundary.md.txt
100644 7560de1eb696fa69df910efed3ae115a6b5ea382 0	evidence/corpus-first-use-20260905/ui-before-labelled/download-ready-390/change-boundary.png
100644 b64405b74e0e51a6505e527f631ef7ec455710f7 0	evidence/corpus-first-use-20260905/ui-before-labelled/metric-summary-1440/before.json
100644 e58e15511f4b31e4df2ef358b5e5c10f7a8405c3 0	evidence/corpus-first-use-20260905/ui-before-labelled/metric-summary-1440/before.png
100644 844241f2e01793f4b49f13da3f0b3c774282cfdc 0	evidence/corpus-first-use-20260905/ui-before-labelled/metric-summary-1440/change-boundary.md.txt
100644 6f37e494bee65907f29871d96e4d5ae106cd891d 0	evidence/corpus-first-use-20260905/ui-before-labelled/metric-summary-1440/change-boundary.png
100644 cbd11604d465f764ccdeae01fab5e98ab683d5ea 0	evidence/corpus-first-use-20260905/ui-before-labelled/metric-summary-390/before.json
100644 d3a4af2e610d302ed40611e10765f2649cbf58a5 0	evidence/corpus-first-use-20260905/ui-before-labelled/metric-summary-390/before.png
100644 19aa0213329e8c8c0f18c19b4e198f555f044a4a 0	evidence/corpus-first-use-20260905/ui-before-labelled/metric-summary-390/change-boundary.md.txt
100644 4f2c5dc1a1c59d54292c5ae2f3bdb310d3ab5e7f 0	evidence/corpus-first-use-20260905/ui-before-labelled/metric-summary-390/change-boundary.png
100644 b64405b74e0e51a6505e527f631ef7ec455710f7 0	evidence/corpus-first-use-20260905/ui-before-labelled/metric-task-1440/before.json
100644 b089d34e10159fbe21dc4da70d759cbbfce3b56f 0	evidence/corpus-first-use-20260905/ui-before-labelled/metric-task-1440/before.png
100644 b58bedc2a4fcf38255e810bbab1d61ce7b2eee3c 0	evidence/corpus-first-use-20260905/ui-before-labelled/metric-task-1440/change-boundary.md.txt
100644 f50268771e4f37d5ac319e7eddbaee33542c2d85 0	evidence/corpus-first-use-20260905/ui-before-labelled/metric-task-1440/change-boundary.png
100644 cbd11604d465f764ccdeae01fab5e98ab683d5ea 0	evidence/corpus-first-use-20260905/ui-before-labelled/metric-task-390/before.json
100644 7149352572fef2b0c74ef1ec29f649ada528b53e 0	evidence/corpus-first-use-20260905/ui-before-labelled/metric-task-390/before.png
100644 75c17b93b0127ebc883be1f08b8fdd529ce4b79c 0	evidence/corpus-first-use-20260905/ui-before-labelled/metric-task-390/change-boundary.md.txt
100644 43dc9a1f6eecfd57b4af772124f210508f375111 0	evidence/corpus-first-use-20260905/ui-before-labelled/metric-task-390/change-boundary.png
100644 83e49281f33ac88ab286ef1683d44182632cae9b 0	evidence/corpus-first-use-20260905/ui-before-labelled/report.json
100644 5c50894eca42fe6a09819e9ed9f76d447f5d4eea 0	evidence/corpus-first-use-20260905/ui-before-labelled/server.log
100644 15a027b33fa9f4110d2a866f3126457ce1f78f32 0	evidence/corpus-first-use-20260905/ui-before-original/capture-script.mjs.txt
100644 b64405b74e0e51a6505e527f631ef7ec455710f7 0	evidence/corpus-first-use-20260905/ui-before-original/download-ready-1440/before.json
100644 0696733c4a320a4617e1e2847e8646d19251d42c 0	evidence/corpus-first-use-20260905/ui-before-original/download-ready-1440/before.png
100644 7792475a17c7688785c87f652bf32391ba5dcac7 0	evidence/corpus-first-use-20260905/ui-before-original/download-ready-1440/change-boundary.md.txt
100644 8ca77ea8e92d1d615614b7862d2d35db45d1e8b1 0	evidence/corpus-first-use-20260905/ui-before-original/download-ready-1440/change-boundary.png
100644 cbd11604d465f764ccdeae01fab5e98ab683d5ea 0	evidence/corpus-first-use-20260905/ui-before-original/download-ready-390/before.json
100644 1c7976796cd517d8607038ca27996d7f8c7cafde 0	evidence/corpus-first-use-20260905/ui-before-original/download-ready-390/before.png
100644 345c81c7cbb840f7af453fd9658cd630c6587601 0	evidence/corpus-first-use-20260905/ui-before-original/download-ready-390/change-boundary.md.txt
100644 ce722d99bde9c9c4ed88084be4a0590545ec33ec 0	evidence/corpus-first-use-20260905/ui-before-original/download-ready-390/change-boundary.png
100644 b64405b74e0e51a6505e527f631ef7ec455710f7 0	evidence/corpus-first-use-20260905/ui-before-original/metric-summary-1440/before.json
100644 e58e15511f4b31e4df2ef358b5e5c10f7a8405c3 0	evidence/corpus-first-use-20260905/ui-before-original/metric-summary-1440/before.png
100644 844241f2e01793f4b49f13da3f0b3c774282cfdc 0	evidence/corpus-first-use-20260905/ui-before-original/metric-summary-1440/change-boundary.md.txt
100644 803099c3426baffc2408e97bd8f2670ca13a9e72 0	evidence/corpus-first-use-20260905/ui-before-original/metric-summary-1440/change-boundary.png
100644 cbd11604d465f764ccdeae01fab5e98ab683d5ea 0	evidence/corpus-first-use-20260905/ui-before-original/metric-summary-390/before.json
100644 54b8656cd7c6e011d1b4dad89629dfa11bdffb25 0	evidence/corpus-first-use-20260905/ui-before-original/metric-summary-390/before.png
100644 19aa0213329e8c8c0f18c19b4e198f555f044a4a 0	evidence/corpus-first-use-20260905/ui-before-original/metric-summary-390/change-boundary.md.txt
100644 3832655a4fc049b8e769d502a7bc9da7b4885f37 0	evidence/corpus-first-use-20260905/ui-before-original/metric-summary-390/change-boundary.png
100644 b64405b74e0e51a6505e527f631ef7ec455710f7 0	evidence/corpus-first-use-20260905/ui-before-original/metric-task-1440/before.json
100644 0696733c4a320a4617e1e2847e8646d19251d42c 0	evidence/corpus-first-use-20260905/ui-before-original/metric-task-1440/before.png
100644 b58bedc2a4fcf38255e810bbab1d61ce7b2eee3c 0	evidence/corpus-first-use-20260905/ui-before-original/metric-task-1440/change-boundary.md.txt
100644 9e1df5b15f298df0242e30bc019412a7ba4ca498 0	evidence/corpus-first-use-20260905/ui-before-original/metric-task-1440/change-boundary.png
100644 cbd11604d465f764ccdeae01fab5e98ab683d5ea 0	evidence/corpus-first-use-20260905/ui-before-original/metric-task-390/before.json
100644 7149352572fef2b0c74ef1ec29f649ada528b53e 0	evidence/corpus-first-use-20260905/ui-before-original/metric-task-390/before.png
100644 75c17b93b0127ebc883be1f08b8fdd529ce4b79c 0	evidence/corpus-first-use-20260905/ui-before-original/metric-task-390/change-boundary.md.txt
100644 58647c730356d397c1839704f3f9ed228b642df8 0	evidence/corpus-first-use-20260905/ui-before-original/metric-task-390/change-boundary.png
100644 b92d9c14e4620a215f5a6e79efd9772b79480c49 0	evidence/corpus-first-use-20260905/ui-before-original/native-pending-1440-1/after-click.json
100644 97f685a858c9558b01878a75dbbe1a72b71adfea 0	evidence/corpus-first-use-20260905/ui-before-original/native-pending-1440-1/after-click.png
100644 3344fb727372e7f87a047067051aeab8e984053a 0	evidence/corpus-first-use-20260905/ui-before-original/native-pending-1440-1/download.json
100644 7073eff39d0e6b4f0cc937aa13f300a6034e2a76 0	evidence/corpus-first-use-20260905/ui-before-original/native-pending-1440-1/settled.json
100644 97f103baa009ae998216f539c5af12f7099b72c8 0	evidence/corpus-first-use-20260905/ui-before-original/native-pending-1440-1/settled.png
100644 b92d9c14e4620a215f5a6e79efd9772b79480c49 0	evidence/corpus-first-use-20260905/ui-before-original/native-pending-1440-2/after-click.json
100644 97f685a858c9558b01878a75dbbe1a72b71adfea 0	evidence/corpus-first-use-20260905/ui-before-original/native-pending-1440-2/after-click.png
100644 3344fb727372e7f87a047067051aeab8e984053a 0	evidence/corpus-first-use-20260905/ui-before-original/native-pending-1440-2/download.json
100644 7073eff39d0e6b4f0cc937aa13f300a6034e2a76 0	evidence/corpus-first-use-20260905/ui-before-original/native-pending-1440-2/settled.json
100644 d91db478351f9fc34554d2fe33e18c9cf8e76f06 0	evidence/corpus-first-use-20260905/ui-before-original/native-pending-1440-2/settled.png
100644 41fdfc7f8a375d5e44716521655986f00ea7a5ae 0	evidence/corpus-first-use-20260905/ui-before-original/native-pending-390-1/after-click.json
100644 df3eff50ee6dfe6d7b1381f902d4574dc2edf4e2 0	evidence/corpus-first-use-20260905/ui-before-original/native-pending-390-1/after-click.png
100644 3344fb727372e7f87a047067051aeab8e984053a 0	evidence/corpus-first-use-20260905/ui-before-original/native-pending-390-1/download.json
100644 2f0a5e7f6b0439a2080db8065c868934e539fa77 0	evidence/corpus-first-use-20260905/ui-before-original/native-pending-390-1/settled.json
100644 1971e8015657a17d7201008d786646f8d0e06236 0	evidence/corpus-first-use-20260905/ui-before-original/native-pending-390-1/settled.png
100644 41fdfc7f8a375d5e44716521655986f00ea7a5ae 0	evidence/corpus-first-use-20260905/ui-before-original/native-pending-390-2/after-click.json
100644 df3eff50ee6dfe6d7b1381f902d4574dc2edf4e2 0	evidence/corpus-first-use-20260905/ui-before-original/native-pending-390-2/after-click.png
100644 3344fb727372e7f87a047067051aeab8e984053a 0	evidence/corpus-first-use-20260905/ui-before-original/native-pending-390-2/download.json
100644 2f0a5e7f6b0439a2080db8065c868934e539fa77 0	evidence/corpus-first-use-20260905/ui-before-original/native-pending-390-2/settled.json
100644 1971e8015657a17d7201008d786646f8d0e06236 0	evidence/corpus-first-use-20260905/ui-before-original/native-pending-390-2/settled.png
100644 932f471701ef45ce77a58ddf34b307563123f882 0	evidence/corpus-first-use-20260905/ui-before-original/report.json
100644 bcb19460ff623a50ebc82b2c330dccf0feac67fe 0	evidence/corpus-first-use-20260905/ui-before-original/server.log
100644 fa1ae01c91857972686106d9f65b6886d7e47e64 0	evidence/corpus-first-use-20260905/verify.py
100644 d47cf13d41d843c0532601ad66cf039e9203653b 0	evidence/corpus-first-use-20260905/worker/browser-first-01.command.json
100644 7bb63dd938362ab151e444ec6f57516bdd3c4d48 0	evidence/corpus-first-use-20260905/worker/browser-first-01.log
100644 d3a0e1d11b54cacb605dc0228f7f57ca708824cb 0	evidence/corpus-first-use-20260905/worker/browser-first-01/320-empty-endpoint.json
100644 25035d30d2ca48c5a2e2e1fbc47cb29079b8d9db 0	evidence/corpus-first-use-20260905/worker/browser-first-01/320-empty-endpoint.png
100644 9d57f0febc511fd795f43ec000cf023ba6529eb4 0	evidence/corpus-first-use-20260905/worker/browser-first-01/320-entry.json
100644 f7948c6e57dd534896aa8934f57e73c453d870ba 0	evidence/corpus-first-use-20260905/worker/browser-first-01/320-entry.png
100644 b1ffb55110d20d1104c66b8d5245ae11f99cec69 0	evidence/corpus-first-use-20260905/worker/browser-first-01/320-failure.json
100644 80a39a61cf2fb4dc9afa1f19f330fd5d13357012 0	evidence/corpus-first-use-20260905/worker/browser-first-01/320-failure.png
100644 3344fb727372e7f87a047067051aeab8e984053a 0	evidence/corpus-first-use-20260905/worker/browser-first-01/320-filtered-initial.json
100644 af5e328b4430fcd9736ef3484bfb360a46a53486 0	evidence/corpus-first-use-20260905/worker/browser-first-01/320-task-provenance.json
100644 10e9eb92fcb8a763a7ff4f2db503e99ed926b27c 0	evidence/corpus-first-use-20260905/worker/browser-first-01/320-task-provenance.png
100644 c49f7c58798d0e43b0752c65175bccb8cfc9d45a 0	evidence/corpus-first-use-20260905/worker/browser-first-01/report.json
100644 09315b3848d591f0d77f2cdaf38fb0d6f56ed903 0	evidence/corpus-first-use-20260905/worker/browser-first-01/selector-diagnosis.json
100644 8154e50ce3e2587fa9238b3a4d231c89e1f0b674 0	evidence/corpus-first-use-20260905/worker/browser-first-01/streamlit.log
100644 60957c77e7cecd86492254c34a1c5ae020c72a05 0	evidence/corpus-first-use-20260905/worker/browser-first-01/verify-first-use.mjs.txt
100644 9e620a9bf17babfbbde8ac7d3013f7ef76f9b4e3 0	evidence/corpus-first-use-20260905/worker/browser-first-02.command.json
100644 d60adb07e68676fc726d5a5cd3b1d109dfd111dc 0	evidence/corpus-first-use-20260905/worker/browser-first-02.log
100644 52d8a570271f9139f1cb7d595dfd238833f203aa 0	evidence/corpus-first-use-20260905/worker/browser-first-02/320-bundle.json
100644 5edb8e97f993912d1c2799dd3b76ced5813aaeaf 0	evidence/corpus-first-use-20260905/worker/browser-first-02/320-bundle.png
100644 d3a0e1d11b54cacb605dc0228f7f57ca708824cb 0	evidence/corpus-first-use-20260905/worker/browser-first-02/320-empty-endpoint.json
100644 25035d30d2ca48c5a2e2e1fbc47cb29079b8d9db 0	evidence/corpus-first-use-20260905/worker/browser-first-02/320-empty-endpoint.png
100644 9d57f0febc511fd795f43ec000cf023ba6529eb4 0	evidence/corpus-first-use-20260905/worker/browser-first-02/320-entry.json
100644 f7948c6e57dd534896aa8934f57e73c453d870ba 0	evidence/corpus-first-use-20260905/worker/browser-first-02/320-entry.png
100644 1fccc0f64f04c23534e1afb27d7427cd6cf9eba7 0	evidence/corpus-first-use-20260905/worker/browser-first-02/320-failure.json
100644 9251684157ca2e5b0b0f1acc2aee06ef33ab0be3 0	evidence/corpus-first-use-20260905/worker/browser-first-02/320-failure.png
100644 3344fb727372e7f87a047067051aeab8e984053a 0	evidence/corpus-first-use-20260905/worker/browser-first-02/320-filtered-initial.json
100644 cbc6e2339d4222365d2bbb2353a9528698030153 0	evidence/corpus-first-use-20260905/worker/browser-first-02/320-filtered-repeat.json
100644 cbc6e2339d4222365d2bbb2353a9528698030153 0	evidence/corpus-first-use-20260905/worker/browser-first-02/320-filtered-top10.json
100644 a865f592dfab696fa14a6a52795e0c5aa1d85da3 0	evidence/corpus-first-use-20260905/worker/browser-first-02/320-local-answer.json
100644 b6eaeff088a77df647564def25b0e922df5da2ba 0	evidence/corpus-first-use-20260905/worker/browser-first-02/320-local-answer.png
100644 cbc6e2339d4222365d2bbb2353a9528698030153 0	evidence/corpus-first-use-20260905/worker/browser-first-02/320-no-result.json
100644 e37cf60d39e1d9ee5aeef9c561b1328598f5f8ab 0	evidence/corpus-first-use-20260905/worker/browser-first-02/320-public-bundle.json
100644 b21a3d3060ad0be189d21a9e3249046d4ef25ca3 0	evidence/corpus-first-use-20260905/worker/browser-first-02/320-score-boundary.json
100644 dd66c5532f73af3f673bd6af4b731164e8d77fa0 0	evidence/corpus-first-use-20260905/worker/browser-first-02/320-score-boundary.png
100644 af5e328b4430fcd9736ef3484bfb360a46a53486 0	evidence/corpus-first-use-20260905/worker/browser-first-02/320-task-provenance.json
100644 10e9eb92fcb8a763a7ff4f2db503e99ed926b27c 0	evidence/corpus-first-use-20260905/worker/browser-first-02/320-task-provenance.png
100644 55bf4e34c893fb3e69a1a609eb7b602b415d122d 0	evidence/corpus-first-use-20260905/worker/browser-first-02/report.json
100644 a11b262c59cefb79363a4819f04535c9e44c8ec7 0	evidence/corpus-first-use-20260905/worker/browser-first-02/streamlit.log
100644 be0c6ee6dd1d6076a1f1f6865ee2071b0261d1bf 0	evidence/corpus-first-use-20260905/worker/browser-first-02/verify-first-use.mjs.txt
100644 b23ca450eac400844c9e51112f44d63084c9b91e 0	evidence/corpus-first-use-20260905/worker/browser-first-03.command.json
100644 f6c1056dd787aca4d5a3a10a3315c7a0c6abfabd 0	evidence/corpus-first-use-20260905/worker/browser-first-03.log
100644 d3a0e1d11b54cacb605dc0228f7f57ca708824cb 0	evidence/corpus-first-use-20260905/worker/browser-first-03/320-empty-endpoint.json
100644 25035d30d2ca48c5a2e2e1fbc47cb29079b8d9db 0	evidence/corpus-first-use-20260905/worker/browser-first-03/320-empty-endpoint.png
100644 9d57f0febc511fd795f43ec000cf023ba6529eb4 0	evidence/corpus-first-use-20260905/worker/browser-first-03/320-entry.json
100644 f7948c6e57dd534896aa8934f57e73c453d870ba 0	evidence/corpus-first-use-20260905/worker/browser-first-03/320-entry.png
100644 1fccc0f64f04c23534e1afb27d7427cd6cf9eba7 0	evidence/corpus-first-use-20260905/worker/browser-first-03/320-failure.json
100644 a8eec859307e049c3b2ec4b874b8cef572633bb3 0	evidence/corpus-first-use-20260905/worker/browser-first-03/320-failure.png
100644 3344fb727372e7f87a047067051aeab8e984053a 0	evidence/corpus-first-use-20260905/worker/browser-first-03/320-filtered-initial.json
100644 3344fb727372e7f87a047067051aeab8e984053a 0	evidence/corpus-first-use-20260905/worker/browser-first-03/320-filtered-top10.json
100644 0dae36717fd6af8021c0afa0343336ec56e8b78e 0	evidence/corpus-first-use-20260905/worker/browser-first-03/320-task-provenance.json
100644 10e9eb92fcb8a763a7ff4f2db503e99ed926b27c 0	evidence/corpus-first-use-20260905/worker/browser-first-03/320-task-provenance.png
100644 2be4d0dc68446228baf1aa375659ecf33c8dacad 0	evidence/corpus-first-use-20260905/worker/browser-first-03/report.json
100644 e5240d7dfe48536e35fe39615c945193769a66ce 0	evidence/corpus-first-use-20260905/worker/browser-first-03/streamlit.log
100644 36d01ebc07f7ef9007407c38a953eecc52faef24 0	evidence/corpus-first-use-20260905/worker/browser-first-03/verify-first-use.mjs.txt
100644 d0ebae7df7edef6c73c11fe34e01db667f2ebe15 0	evidence/corpus-first-use-20260905/worker/browser-first-04.command.json
100644 0a26b8b82f7b7e5a5d56d6d30eb91fa512d60174 0	evidence/corpus-first-use-20260905/worker/browser-first-04.log
100644 52d8a570271f9139f1cb7d595dfd238833f203aa 0	evidence/corpus-first-use-20260905/worker/browser-first-04/320-bundle.json
100644 298f402a38cab9300ece1c54241200ef56ea01c9 0	evidence/corpus-first-use-20260905/worker/browser-first-04/320-bundle.png
100644 d3a0e1d11b54cacb605dc0228f7f57ca708824cb 0	evidence/corpus-first-use-20260905/worker/browser-first-04/320-empty-endpoint.json
100644 25035d30d2ca48c5a2e2e1fbc47cb29079b8d9db 0	evidence/corpus-first-use-20260905/worker/browser-first-04/320-empty-endpoint.png
100644 9d57f0febc511fd795f43ec000cf023ba6529eb4 0	evidence/corpus-first-use-20260905/worker/browser-first-04/320-entry.json
100644 2135a73a242fe7e769ba5baa51ae5cef3255aaa4 0	evidence/corpus-first-use-20260905/worker/browser-first-04/320-entry.png
100644 580edf2c91fda151e070865a1352c30f2c879727 0	evidence/corpus-first-use-20260905/worker/browser-first-04/320-failure.json
100644 e2e8004a534dc1957a311fa19e088a876e45dc3a 0	evidence/corpus-first-use-20260905/worker/browser-first-04/320-failure.png
100644 3344fb727372e7f87a047067051aeab8e984053a 0	evidence/corpus-first-use-20260905/worker/browser-first-04/320-filtered-initial.json
100644 cbc6e2339d4222365d2bbb2353a9528698030153 0	evidence/corpus-first-use-20260905/worker/browser-first-04/320-filtered-repeat.json
100644 cbc6e2339d4222365d2bbb2353a9528698030153 0	evidence/corpus-first-use-20260905/worker/browser-first-04/320-filtered-top10.json
100644 fcf401de39c0cdfb5aab585d38667df462bb1902 0	evidence/corpus-first-use-20260905/worker/browser-first-04/320-keyboard.json
100644 0277c078194da837a2bfbd2392f841be2c812604 0	evidence/corpus-first-use-20260905/worker/browser-first-04/320-keyboard.png
100644 a865f592dfab696fa14a6a52795e0c5aa1d85da3 0	evidence/corpus-first-use-20260905/worker/browser-first-04/320-local-answer.json
100644 caff3120c0821ee070f05ac0661530341696afd8 0	evidence/corpus-first-use-20260905/worker/browser-first-04/320-local-answer.png
100644 e3c23698ea49274103d8dd846f316ebc8947c4b8 0	evidence/corpus-first-use-20260905/worker/browser-first-04/320-no-result-state.json
100644 baeb76d99479a3e7a86e9258b708cf6931a82df7 0	evidence/corpus-first-use-20260905/worker/browser-first-04/320-no-result-state.png
100644 c44dc44f37c7b9b807ef282b291b36cda0f0bbeb 0	evidence/corpus-first-use-20260905/worker/browser-first-04/320-no-result.json
100644 e37cf60d39e1d9ee5aeef9c561b1328598f5f8ab 0	evidence/corpus-first-use-20260905/worker/browser-first-04/320-public-bundle.json
100644 3344fb727372e7f87a047067051aeab8e984053a 0	evidence/corpus-first-use-20260905/worker/browser-first-04/320-reloaded.json
100644 b21a3d3060ad0be189d21a9e3249046d4ef25ca3 0	evidence/corpus-first-use-20260905/worker/browser-first-04/320-score-boundary.json
100644 a870979ab85a3bbc14cd678262a8930a4895eef9 0	evidence/corpus-first-use-20260905/worker/browser-first-04/320-score-boundary.png
100644 af5e328b4430fcd9736ef3484bfb360a46a53486 0	evidence/corpus-first-use-20260905/worker/browser-first-04/320-task-provenance.json
100644 e3c617b882915335f6276dd96690ef881ecfbf4f 0	evidence/corpus-first-use-20260905/worker/browser-first-04/320-task-provenance.png
100644 580edf2c91fda151e070865a1352c30f2c879727 0	evidence/corpus-first-use-20260905/worker/browser-first-04/320-text200.json
100644 cc51c88bcd8308f3e7c62e32e3750f69d216c09d 0	evidence/corpus-first-use-20260905/worker/browser-first-04/320-text200.png
100644 8c5409dfc1d553eb5b9500e143741664dc112d3a 0	evidence/corpus-first-use-20260905/worker/browser-first-04/report.json
100644 212ca2f70bffaa1a8bc627a1b6f5a4680e64186c 0	evidence/corpus-first-use-20260905/worker/browser-first-04/streamlit.log
100644 2b8b2daff4194eababe9fbcf1e83c85569760ac8 0	evidence/corpus-first-use-20260905/worker/browser-first-04/text-resize-dom-diff.txt
100644 cf461e37be99334c2820bb90a2e1298cb3324ec4 0	evidence/corpus-first-use-20260905/worker/browser-first-04/verify-first-use.mjs.txt
100644 89e4da44d3374e844c35e96ef6d159d0bcdb873b 0	evidence/corpus-first-use-20260905/worker/browser-first-05.command.json
100644 ee676f61ba9ad234122c840edd0c2b1affc235b6 0	evidence/corpus-first-use-20260905/worker/browser-first-05.log
100644 52d8a570271f9139f1cb7d595dfd238833f203aa 0	evidence/corpus-first-use-20260905/worker/browser-first-05/320-bundle.json
100644 298f402a38cab9300ece1c54241200ef56ea01c9 0	evidence/corpus-first-use-20260905/worker/browser-first-05/320-bundle.png
100644 d3a0e1d11b54cacb605dc0228f7f57ca708824cb 0	evidence/corpus-first-use-20260905/worker/browser-first-05/320-empty-endpoint.json
100644 25035d30d2ca48c5a2e2e1fbc47cb29079b8d9db 0	evidence/corpus-first-use-20260905/worker/browser-first-05/320-empty-endpoint.png
100644 9d57f0febc511fd795f43ec000cf023ba6529eb4 0	evidence/corpus-first-use-20260905/worker/browser-first-05/320-entry.json
100644 f7948c6e57dd534896aa8934f57e73c453d870ba 0	evidence/corpus-first-use-20260905/worker/browser-first-05/320-entry.png
100644 fcf401de39c0cdfb5aab585d38667df462bb1902 0	evidence/corpus-first-use-20260905/worker/browser-first-05/320-failure.json
100644 6e8e01a23ab6c1517aadf0595c2809b352284b9b 0	evidence/corpus-first-use-20260905/worker/browser-first-05/320-failure.png
100644 3344fb727372e7f87a047067051aeab8e984053a 0	evidence/corpus-first-use-20260905/worker/browser-first-05/320-filtered-initial.json
100644 cbc6e2339d4222365d2bbb2353a9528698030153 0	evidence/corpus-first-use-20260905/worker/browser-first-05/320-filtered-repeat.json
100644 cbc6e2339d4222365d2bbb2353a9528698030153 0	evidence/corpus-first-use-20260905/worker/browser-first-05/320-filtered-top10.json
100644 fcf401de39c0cdfb5aab585d38667df462bb1902 0	evidence/corpus-first-use-20260905/worker/browser-first-05/320-keyboard.json
100644 0277c078194da837a2bfbd2392f841be2c812604 0	evidence/corpus-first-use-20260905/worker/browser-first-05/320-keyboard.png
100644 a865f592dfab696fa14a6a52795e0c5aa1d85da3 0	evidence/corpus-first-use-20260905/worker/browser-first-05/320-local-answer.json
100644 b6eaeff088a77df647564def25b0e922df5da2ba 0	evidence/corpus-first-use-20260905/worker/browser-first-05/320-local-answer.png
100644 e3c23698ea49274103d8dd846f316ebc8947c4b8 0	evidence/corpus-first-use-20260905/worker/browser-first-05/320-no-result-state.json
100644 4a35ff711b5902d70e96b0ef5b6c2997d2094d61 0	evidence/corpus-first-use-20260905/worker/browser-first-05/320-no-result-state.png
100644 c44dc44f37c7b9b807ef282b291b36cda0f0bbeb 0	evidence/corpus-first-use-20260905/worker/browser-first-05/320-no-result.json
100644 e37cf60d39e1d9ee5aeef9c561b1328598f5f8ab 0	evidence/corpus-first-use-20260905/worker/browser-first-05/320-public-bundle.json
100644 3344fb727372e7f87a047067051aeab8e984053a 0	evidence/corpus-first-use-20260905/worker/browser-first-05/320-reloaded.json
100644 b21a3d3060ad0be189d21a9e3249046d4ef25ca3 0	evidence/corpus-first-use-20260905/worker/browser-first-05/320-score-boundary.json
100644 4896a66f90db64b88e1b51ef87faa65730bbc8ec 0	evidence/corpus-first-use-20260905/worker/browser-first-05/320-score-boundary.png
100644 af5e328b4430fcd9736ef3484bfb360a46a53486 0	evidence/corpus-first-use-20260905/worker/browser-first-05/320-task-provenance.json
100644 d95715179d4ce59c14ced53a9e925f9e113ce1d5 0	evidence/corpus-first-use-20260905/worker/browser-first-05/320-task-provenance.png
100644 d43d36c1cd3a195a3e0be3a6dfa82d309b4f142a 0	evidence/corpus-first-use-20260905/worker/browser-first-05/report.json
100644 8f5cdab0d4277f499dc037df62ee5fbf8624ece7 0	evidence/corpus-first-use-20260905/worker/browser-first-05/streamlit.log
100644 01e0e9376bfb33a2ba40ab60ba17ad01c93e98a0 0	evidence/corpus-first-use-20260905/worker/browser-first-05/verify-first-use.mjs.txt
100644 f2109aa94f29fe9635de84ed55ed90f4af3d0946 0	evidence/corpus-first-use-20260905/worker/browser-first-06.command.json
100644 a9117659b95813ae43d4436570b306d41a2aca5c 0	evidence/corpus-first-use-20260905/worker/browser-first-06.log
100644 52d8a570271f9139f1cb7d595dfd238833f203aa 0	evidence/corpus-first-use-20260905/worker/browser-first-06/320-bundle.json
100644 298f402a38cab9300ece1c54241200ef56ea01c9 0	evidence/corpus-first-use-20260905/worker/browser-first-06/320-bundle.png
100644 d3a0e1d11b54cacb605dc0228f7f57ca708824cb 0	evidence/corpus-first-use-20260905/worker/browser-first-06/320-empty-endpoint.json
100644 25035d30d2ca48c5a2e2e1fbc47cb29079b8d9db 0	evidence/corpus-first-use-20260905/worker/browser-first-06/320-empty-endpoint.png
100644 9d57f0febc511fd795f43ec000cf023ba6529eb4 0	evidence/corpus-first-use-20260905/worker/browser-first-06/320-entry.json
100644 f7948c6e57dd534896aa8934f57e73c453d870ba 0	evidence/corpus-first-use-20260905/worker/browser-first-06/320-entry.png
100644 3344fb727372e7f87a047067051aeab8e984053a 0	evidence/corpus-first-use-20260905/worker/browser-first-06/320-filtered-initial.json
100644 cbc6e2339d4222365d2bbb2353a9528698030153 0	evidence/corpus-first-use-20260905/worker/browser-first-06/320-filtered-repeat.json
100644 cbc6e2339d4222365d2bbb2353a9528698030153 0	evidence/corpus-first-use-20260905/worker/browser-first-06/320-filtered-top10.json
100644 fcf401de39c0cdfb5aab585d38667df462bb1902 0	evidence/corpus-first-use-20260905/worker/browser-first-06/320-keyboard.json
100644 0277c078194da837a2bfbd2392f841be2c812604 0	evidence/corpus-first-use-20260905/worker/browser-first-06/320-keyboard.png
100644 a865f592dfab696fa14a6a52795e0c5aa1d85da3 0	evidence/corpus-first-use-20260905/worker/browser-first-06/320-local-answer.json
100644 caff3120c0821ee070f05ac0661530341696afd8 0	evidence/corpus-first-use-20260905/worker/browser-first-06/320-local-answer.png
100644 e3c23698ea49274103d8dd846f316ebc8947c4b8 0	evidence/corpus-first-use-20260905/worker/browser-first-06/320-no-result-state.json
100644 baeb76d99479a3e7a86e9258b708cf6931a82df7 0	evidence/corpus-first-use-20260905/worker/browser-first-06/320-no-result-state.png
100644 c44dc44f37c7b9b807ef282b291b36cda0f0bbeb 0	evidence/corpus-first-use-20260905/worker/browser-first-06/320-no-result.json
100644 e37cf60d39e1d9ee5aeef9c561b1328598f5f8ab 0	evidence/corpus-first-use-20260905/worker/browser-first-06/320-public-bundle.json
100644 3344fb727372e7f87a047067051aeab8e984053a 0	evidence/corpus-first-use-20260905/worker/browser-first-06/320-reloaded.json
100644 b21a3d3060ad0be189d21a9e3249046d4ef25ca3 0	evidence/corpus-first-use-20260905/worker/browser-first-06/320-score-boundary.json
100644 a870979ab85a3bbc14cd678262a8930a4895eef9 0	evidence/corpus-first-use-20260905/worker/browser-first-06/320-score-boundary.png
100644 bfa661f5ec942e3617de7ad0b1461ba1dd8887d0 0	evidence/corpus-first-use-20260905/worker/browser-first-06/320-static-no-result.json
100644 9ec282f9d084b136f2c403d18628b3ea1bb1ce94 0	evidence/corpus-first-use-20260905/worker/browser-first-06/320-static-no-result.png
100644 a28d66cfaa994dcdadd108a186a855b6df6c054c 0	evidence/corpus-first-use-20260905/worker/browser-first-06/320-static-selected.json
100644 1d8c6cedcb3c3a5adf903f7747a98aa63707d0ba 0	evidence/corpus-first-use-20260905/worker/browser-first-06/320-static-selected.png
100644 af5e328b4430fcd9736ef3484bfb360a46a53486 0	evidence/corpus-first-use-20260905/worker/browser-first-06/320-task-provenance.json
100644 89d273a55689ffce7565f91cc296994744ffe237 0	evidence/corpus-first-use-20260905/worker/browser-first-06/320-task-provenance.png
100644 580edf2c91fda151e070865a1352c30f2c879727 0	evidence/corpus-first-use-20260905/worker/browser-first-06/320-text200.json
100644 cc51c88bcd8308f3e7c62e32e3750f69d216c09d 0	evidence/corpus-first-use-20260905/worker/browser-first-06/320-text200.png
100644 e0ca2a0e3dcca95b4e7a800540e21527c9296195 0	evidence/corpus-first-use-20260905/worker/browser-first-06/390-empty-endpoint.json
100644 9dc22810e3a1b59a4b7d8e229e517bb6af1cc870 0	evidence/corpus-first-use-20260905/worker/browser-first-06/390-empty-endpoint.png
100644 d08dc1f20f853081497c5bc7d821cd7ce7818968 0	evidence/corpus-first-use-20260905/worker/browser-first-06/390-entry.json
100644 ab18ff45f02229efb8f41c65b0c9c936630d8cc7 0	evidence/corpus-first-use-20260905/worker/browser-first-06/390-entry.png
100644 68adee0db35e420eb5880636e5a49f147c4fd82c 0	evidence/corpus-first-use-20260905/worker/browser-first-06/390-failure.json
100644 945f5594a010349161fb29bc65614405988f5ffa 0	evidence/corpus-first-use-20260905/worker/browser-first-06/390-failure.png
100644 3344fb727372e7f87a047067051aeab8e984053a 0	evidence/corpus-first-use-20260905/worker/browser-first-06/390-filtered-initial.json
100644 d2b77330fcc4b7f9ff784e1a4b1c154ffec6da8f 0	evidence/corpus-first-use-20260905/worker/browser-first-06/390-task-provenance.json
100644 6616fa4e0edcafe4c71d786f55bbafc74743d161 0	evidence/corpus-first-use-20260905/worker/browser-first-06/390-task-provenance.png
100644 457f827bde211923015425d692ae97bd132926bd 0	evidence/corpus-first-use-20260905/worker/browser-first-06/report.json
100644 08a1fc61117fcbbe77b5c824faa8d959fa91159d 0	evidence/corpus-first-use-20260905/worker/browser-first-06/streamlit.log
100644 92de80fcbae06227a36a551ae8d05fa471a83519 0	evidence/corpus-first-use-20260905/worker/browser-first-06/verify-first-use.mjs.txt
100644 9e879b96cef1913339a70dad7d5bc71181fa49ea 0	evidence/corpus-first-use-20260905/worker/browser-first-07.command.json
100644 d39a575eabe8385dad2a28ba7ac17fb5ee82d07a 0	evidence/corpus-first-use-20260905/worker/browser-first-07.log
100644 e5799f3c457ea42b889d322878026db62cc545d3 0	evidence/corpus-first-use-20260905/worker/browser-first-07/1024-bundle.json
100644 0c5a32439fc0b0811be572e702709a632fa14548 0	evidence/corpus-first-use-20260905/worker/browser-first-07/1024-bundle.png
100644 691cd1854732cb395bc58bb2cb675f435a3e0af3 0	evidence/corpus-first-use-20260905/worker/browser-first-07/1024-empty-endpoint.json
100644 43ec07041704ca6f9c46cd1b853dde636dd97401 0	evidence/corpus-first-use-20260905/worker/browser-first-07/1024-empty-endpoint.png
100644 691cd1854732cb395bc58bb2cb675f435a3e0af3 0	evidence/corpus-first-use-20260905/worker/browser-first-07/1024-entry.json
100644 4d9d7ca9baf3b636fbca751c0df155252111cd6c 0	evidence/corpus-first-use-20260905/worker/browser-first-07/1024-entry.png
100644 3344fb727372e7f87a047067051aeab8e984053a 0	evidence/corpus-first-use-20260905/worker/browser-first-07/1024-filtered-initial.json
100644 cbc6e2339d4222365d2bbb2353a9528698030153 0	evidence/corpus-first-use-20260905/worker/browser-first-07/1024-filtered-repeat.json
100644 cbc6e2339d4222365d2bbb2353a9528698030153 0	evidence/corpus-first-use-20260905/worker/browser-first-07/1024-filtered-top10.json
100644 e8417fc7466cc6d2ec4f4aced0f5ee70588acc4d 0	evidence/corpus-first-use-20260905/worker/browser-first-07/1024-keyboard.json
100644 8463f807201294bb13b06d03c7755ca4be39a99e 0	evidence/corpus-first-use-20260905/worker/browser-first-07/1024-keyboard.png
100644 d061e57c739d1912de9690ae9b2423af466bf94d 0	evidence/corpus-first-use-20260905/worker/browser-first-07/1024-local-answer.json
100644 cbb636d37b2293a61109976885144eee8ac23be8 0	evidence/corpus-first-use-20260905/worker/browser-first-07/1024-local-answer.png
100644 33be9b6ced8ceee3c7710a3a83557ad0c9340f98 0	evidence/corpus-first-use-20260905/worker/browser-first-07/1024-no-result-state.json
100644 95dc4455f77c2ffaade3bd7b7163778a701117ac 0	evidence/corpus-first-use-20260905/worker/browser-first-07/1024-no-result-state.png
100644 c44dc44f37c7b9b807ef282b291b36cda0f0bbeb 0	evidence/corpus-first-use-20260905/worker/browser-first-07/1024-no-result.json
100644 e37cf60d39e1d9ee5aeef9c561b1328598f5f8ab 0	evidence/corpus-first-use-20260905/worker/browser-first-07/1024-public-bundle.json
100644 3344fb727372e7f87a047067051aeab8e984053a 0	evidence/corpus-first-use-20260905/worker/browser-first-07/1024-reloaded.json
100644 3ab82209467b4000b09245f071e23f0f228e4a78 0	evidence/corpus-first-use-20260905/worker/browser-first-07/1024-score-boundary.json
100644 02afe846ae66c86c30a1ac647eeb0c5411f26a42 0	evidence/corpus-first-use-20260905/worker/browser-first-07/1024-score-boundary.png
100644 cfccea878f9710925ae0d9ec2720a39d8a90c80e 0	evidence/corpus-first-use-20260905/worker/browser-first-07/1024-static-no-result.json
100644 5887c14ec9d65ca4585c451e42b35ddfdd087b0a 0	evidence/corpus-first-use-20260905/worker/browser-first-07/1024-static-no-result.png
100644 e936f2bf5f4d6f67a7b6fb2ac554de1fe68131c7 0	evidence/corpus-first-use-20260905/worker/browser-first-07/1024-static-selected.json
100644 c601b6768fe230896d0dc6ea5055ba32cda34aef 0	evidence/corpus-first-use-20260905/worker/browser-first-07/1024-static-selected.png
100644 b99120f880ab98acf5ae50802d96901b110c8bbe 0	evidence/corpus-first-use-20260905/worker/browser-first-07/1024-task-provenance.json
100644 9493cf40e0878b9582eaed641c8cfe31d20734e3 0	evidence/corpus-first-use-20260905/worker/browser-first-07/1024-task-provenance.png
100644 e8417fc7466cc6d2ec4f4aced0f5ee70588acc4d 0	evidence/corpus-first-use-20260905/worker/browser-first-07/1024-text200.json
100644 1e536a1a5eb686bd75131af2a4172cc5bd71b4f7 0	evidence/corpus-first-use-20260905/worker/browser-first-07/1024-text200.png
100644 ec461c8bca2c089065d05570aa28c8c38a9e2546 0	evidence/corpus-first-use-20260905/worker/browser-first-07/1440-bundle.json
100644 f4d986a12d9c590ba0f66dd018daf766c5717195 0	evidence/corpus-first-use-20260905/worker/browser-first-07/1440-bundle.png
100644 4af0e4aeb07a9ef0248a458ef4f764f1fdf494f2 0	evidence/corpus-first-use-20260905/worker/browser-first-07/1440-empty-endpoint.json
100644 e58e15511f4b31e4df2ef358b5e5c10f7a8405c3 0	evidence/corpus-first-use-20260905/worker/browser-first-07/1440-empty-endpoint.png
100644 4af0e4aeb07a9ef0248a458ef4f764f1fdf494f2 0	evidence/corpus-first-use-20260905/worker/browser-first-07/1440-entry.json
100644 8212bccab66d6a13acf55434629ee4069709b0ec 0	evidence/corpus-first-use-20260905/worker/browser-first-07/1440-entry.png
100644 3344fb727372e7f87a047067051aeab8e984053a 0	evidence/corpus-first-use-20260905/worker/browser-first-07/1440-filtered-initial.json
100644 cbc6e2339d4222365d2bbb2353a9528698030153 0	evidence/corpus-first-use-20260905/worker/browser-first-07/1440-filtered-repeat.json
100644 cbc6e2339d4222365d2bbb2353a9528698030153 0	evidence/corpus-first-use-20260905/worker/browser-first-07/1440-filtered-top10.json
100644 538f0bb6acbecf4bb987bea0839115adb83b82ba 0	evidence/corpus-first-use-20260905/worker/browser-first-07/1440-keyboard.json
100644 00abd873b3e0c12e64e97534aea0714e70844407 0	evidence/corpus-first-use-20260905/worker/browser-first-07/1440-keyboard.png
100644 29ed9d51a302820c2d9280500b0bacb57a1eee61 0	evidence/corpus-first-use-20260905/worker/browser-first-07/1440-local-answer.json
100644 24cf1eebbf11761f3ee0c10e694fd690402a0359 0	evidence/corpus-first-use-20260905/worker/browser-first-07/1440-local-answer.png
100644 cc406a9bb500837faa829d2fa10292185af69803 0	evidence/corpus-first-use-20260905/worker/browser-first-07/1440-no-result-state.json
100644 dad79c00d6ebea9287db4f98555b6a34a0572369 0	evidence/corpus-first-use-20260905/worker/browser-first-07/1440-no-result-state.png
100644 c44dc44f37c7b9b807ef282b291b36cda0f0bbeb 0	evidence/corpus-first-use-20260905/worker/browser-first-07/1440-no-result.json
100644 e37cf60d39e1d9ee5aeef9c561b1328598f5f8ab 0	evidence/corpus-first-use-20260905/worker/browser-first-07/1440-public-bundle.json
100644 3344fb727372e7f87a047067051aeab8e984053a 0	evidence/corpus-first-use-20260905/worker/browser-first-07/1440-reloaded.json
100644 0c5a0fb3704379e868717fda85d386768925b7e0 0	evidence/corpus-first-use-20260905/worker/browser-first-07/1440-score-boundary.json
100644 67dee0d99047b3a3e83517f35bbfabc4fce64141 0	evidence/corpus-first-use-20260905/worker/browser-first-07/1440-score-boundary.png
100644 2ccb4f482269d94d3b53caadf190707dd47ed361 0	evidence/corpus-first-use-20260905/worker/browser-first-07/1440-static-no-result.json
100644 6900a750614e200d980aa2185d996a023664b6a7 0	evidence/corpus-first-use-20260905/worker/browser-first-07/1440-static-no-result.png
100644 1fd457f488868735a5c084e6934356fdee940fe9 0	evidence/corpus-first-use-20260905/worker/browser-first-07/1440-static-selected.json
100644 4d7c86e98f806bd8435a03eb4963b53607427bb1 0	evidence/corpus-first-use-20260905/worker/browser-first-07/1440-static-selected.png
100644 dffd4cf3e4d9da218ecfe4571f9b7a21da84b56c 0	evidence/corpus-first-use-20260905/worker/browser-first-07/1440-task-provenance.json
100644 b48432ac457210e4f1bca037ba1bf5a32f97e249 0	evidence/corpus-first-use-20260905/worker/browser-first-07/1440-task-provenance.png
100644 8cf435f56382309f7f9dac80b7471b6a5ebeaf4c 0	evidence/corpus-first-use-20260905/worker/browser-first-07/1440-text200.json
100644 8a106635705ceafa3cd273b9186360e1f67e1dd5 0	evidence/corpus-first-use-20260905/worker/browser-first-07/1440-text200.png
100644 04321d5aa7a68373b7defe3728baf650ed3eaf8c 0	evidence/corpus-first-use-20260905/worker/browser-first-07/1440-zero-bundle.json
100644 9356b7dd284e0a7d4a8577465838545151f1c1e2 0	evidence/corpus-first-use-20260905/worker/browser-first-07/1920-bundle.json
100644 85ebbd2ad756a0e057ee2c4c1ddb80130c71fba5 0	evidence/corpus-first-use-20260905/worker/browser-first-07/1920-bundle.png
100644 c987f74427e37c37c87f0903988108ad1a352357 0	evidence/corpus-first-use-20260905/worker/browser-first-07/1920-empty-endpoint.json
100644 ff8365f97c3d32e9915a6d0225f92a3c2902925f 0	evidence/corpus-first-use-20260905/worker/browser-first-07/1920-empty-endpoint.png
100644 c987f74427e37c37c87f0903988108ad1a352357 0	evidence/corpus-first-use-20260905/worker/browser-first-07/1920-entry.json
100644 de5db3634258809d5f3bcf6ed24b5faeb607601a 0	evidence/corpus-first-use-20260905/worker/browser-first-07/1920-entry.png
100644 3344fb727372e7f87a047067051aeab8e984053a 0	evidence/corpus-first-use-20260905/worker/browser-first-07/1920-filtered-initial.json
100644 cbc6e2339d4222365d2bbb2353a9528698030153 0	evidence/corpus-first-use-20260905/worker/browser-first-07/1920-filtered-repeat.json
100644 cbc6e2339d4222365d2bbb2353a9528698030153 0	evidence/corpus-first-use-20260905/worker/browser-first-07/1920-filtered-top10.json
100644 aedb417dced7b98928855a054bff74796271b855 0	evidence/corpus-first-use-20260905/worker/browser-first-07/1920-keyboard.json
100644 7c4896145c7931b8f99e26d13d5e9dd68bae7137 0	evidence/corpus-first-use-20260905/worker/browser-first-07/1920-keyboard.png
100644 15f99f37633ffd17e26e904c1bffa113bd20830c 0	evidence/corpus-first-use-20260905/worker/browser-first-07/1920-local-answer.json
100644 7f25307710dff1d1b18b2212f98852575eb87694 0	evidence/corpus-first-use-20260905/worker/browser-first-07/1920-local-answer.png
100644 d3fbc3c35b8d9f6f03de895d0b27cfb6e7a94287 0	evidence/corpus-first-use-20260905/worker/browser-first-07/1920-no-result-state.json
100644 6b51a5e4e2179bb0811871b2b3c66d733dd1637d 0	evidence/corpus-first-use-20260905/worker/browser-first-07/1920-no-result-state.png
100644 c44dc44f37c7b9b807ef282b291b36cda0f0bbeb 0	evidence/corpus-first-use-20260905/worker/browser-first-07/1920-no-result.json
100644 e37cf60d39e1d9ee5aeef9c561b1328598f5f8ab 0	evidence/corpus-first-use-20260905/worker/browser-first-07/1920-public-bundle.json
100644 3344fb727372e7f87a047067051aeab8e984053a 0	evidence/corpus-first-use-20260905/worker/browser-first-07/1920-reloaded.json
100644 5eae8ee2c350e12ab80ac91e9dc2d2cce8e43021 0	evidence/corpus-first-use-20260905/worker/browser-first-07/1920-score-boundary.json
100644 8b841b0f57fc97244cd534223250d621ecd1ae31 0	evidence/corpus-first-use-20260905/worker/browser-first-07/1920-score-boundary.png
100644 14f09c2a226834a115faf0c6e0679d0fb838186b 0	evidence/corpus-first-use-20260905/worker/browser-first-07/1920-static-no-result.json
100644 28a6848495836824a0cddae86356ad72c7a3e7f8 0	evidence/corpus-first-use-20260905/worker/browser-first-07/1920-static-no-result.png
100644 4f697f145d4650c8d249aedaff592766e246b81d 0	evidence/corpus-first-use-20260905/worker/browser-first-07/1920-static-selected.json
100644 b4ac5921ef2eb8ebde2e145e92fb03483dd869fb 0	evidence/corpus-first-use-20260905/worker/browser-first-07/1920-static-selected.png
100644 5db94fa696e23cf66105ed0a14958537ce40871d 0	evidence/corpus-first-use-20260905/worker/browser-first-07/1920-task-provenance.json
100644 2f5d14d32335cc15e23b32be055c71c831ea78bf 0	evidence/corpus-first-use-20260905/worker/browser-first-07/1920-task-provenance.png
100644 1cd30be0c592126f058edb6bde12f28c50913d51 0	evidence/corpus-first-use-20260905/worker/browser-first-07/1920-text200.json
100644 8ff0df1eb5cd55f4de7439464976720883441163 0	evidence/corpus-first-use-20260905/worker/browser-first-07/1920-text200.png
100644 52d8a570271f9139f1cb7d595dfd238833f203aa 0	evidence/corpus-first-use-20260905/worker/browser-first-07/320-bundle.json
100644 298f402a38cab9300ece1c54241200ef56ea01c9 0	evidence/corpus-first-use-20260905/worker/browser-first-07/320-bundle.png
100644 d3a0e1d11b54cacb605dc0228f7f57ca708824cb 0	evidence/corpus-first-use-20260905/worker/browser-first-07/320-empty-endpoint.json
100644 25035d30d2ca48c5a2e2e1fbc47cb29079b8d9db 0	evidence/corpus-first-use-20260905/worker/browser-first-07/320-empty-endpoint.png
100644 9d57f0febc511fd795f43ec000cf023ba6529eb4 0	evidence/corpus-first-use-20260905/worker/browser-first-07/320-entry.json
100644 f7948c6e57dd534896aa8934f57e73c453d870ba 0	evidence/corpus-first-use-20260905/worker/browser-first-07/320-entry.png
100644 3344fb727372e7f87a047067051aeab8e984053a 0	evidence/corpus-first-use-20260905/worker/browser-first-07/320-filtered-initial.json
100644 cbc6e2339d4222365d2bbb2353a9528698030153 0	evidence/corpus-first-use-20260905/worker/browser-first-07/320-filtered-repeat.json
100644 cbc6e2339d4222365d2bbb2353a9528698030153 0	evidence/corpus-first-use-20260905/worker/browser-first-07/320-filtered-top10.json
100644 fcf401de39c0cdfb5aab585d38667df462bb1902 0	evidence/corpus-first-use-20260905/worker/browser-first-07/320-keyboard.json
100644 0277c078194da837a2bfbd2392f841be2c812604 0	evidence/corpus-first-use-20260905/worker/browser-first-07/320-keyboard.png
100644 a865f592dfab696fa14a6a52795e0c5aa1d85da3 0	evidence/corpus-first-use-20260905/worker/browser-first-07/320-local-answer.json
100644 b6eaeff088a77df647564def25b0e922df5da2ba 0	evidence/corpus-first-use-20260905/worker/browser-first-07/320-local-answer.png
100644 e3c23698ea49274103d8dd846f316ebc8947c4b8 0	evidence/corpus-first-use-20260905/worker/browser-first-07/320-no-result-state.json
100644 4a35ff711b5902d70e96b0ef5b6c2997d2094d61 0	evidence/corpus-first-use-20260905/worker/browser-first-07/320-no-result-state.png
100644 c44dc44f37c7b9b807ef282b291b36cda0f0bbeb 0	evidence/corpus-first-use-20260905/worker/browser-first-07/320-no-result.json
100644 e37cf60d39e1d9ee5aeef9c561b1328598f5f8ab 0	evidence/corpus-first-use-20260905/worker/browser-first-07/320-public-bundle.json
100644 3344fb727372e7f87a047067051aeab8e984053a 0	evidence/corpus-first-use-20260905/worker/browser-first-07/320-reloaded.json
100644 b21a3d3060ad0be189d21a9e3249046d4ef25ca3 0	evidence/corpus-first-use-20260905/worker/browser-first-07/320-score-boundary.json
100644 471cd825f7380861412734721dacdbe991513846 0	evidence/corpus-first-use-20260905/worker/browser-first-07/320-score-boundary.png
100644 bfa661f5ec942e3617de7ad0b1461ba1dd8887d0 0	evidence/corpus-first-use-20260905/worker/browser-first-07/320-static-no-result.json
100644 9ec282f9d084b136f2c403d18628b3ea1bb1ce94 0	evidence/corpus-first-use-20260905/worker/browser-first-07/320-static-no-result.png
100644 a28d66cfaa994dcdadd108a186a855b6df6c054c 0	evidence/corpus-first-use-20260905/worker/browser-first-07/320-static-selected.json
100644 1d8c6cedcb3c3a5adf903f7747a98aa63707d0ba 0	evidence/corpus-first-use-20260905/worker/browser-first-07/320-static-selected.png
100644 0dae36717fd6af8021c0afa0343336ec56e8b78e 0	evidence/corpus-first-use-20260905/worker/browser-first-07/320-task-provenance.json
100644 10e9eb92fcb8a763a7ff4f2db503e99ed926b27c 0	evidence/corpus-first-use-20260905/worker/browser-first-07/320-task-provenance.png
100644 580edf2c91fda151e070865a1352c30f2c879727 0	evidence/corpus-first-use-20260905/worker/browser-first-07/320-text200.json
100644 cc51c88bcd8308f3e7c62e32e3750f69d216c09d 0	evidence/corpus-first-use-20260905/worker/browser-first-07/320-text200.png
100644 028003d7675fb704e10d29f31f3d5f37728df878 0	evidence/corpus-first-use-20260905/worker/browser-first-07/390-bundle.json
100644 d3d49c3155ff4d03f8df69757d7e55fa81f11b92 0	evidence/corpus-first-use-20260905/worker/browser-first-07/390-bundle.png
100644 e0ca2a0e3dcca95b4e7a800540e21527c9296195 0	evidence/corpus-first-use-20260905/worker/browser-first-07/390-empty-endpoint.json
100644 9dc22810e3a1b59a4b7d8e229e517bb6af1cc870 0	evidence/corpus-first-use-20260905/worker/browser-first-07/390-empty-endpoint.png
100644 d08dc1f20f853081497c5bc7d821cd7ce7818968 0	evidence/corpus-first-use-20260905/worker/browser-first-07/390-entry.json
100644 cf4dcf9ce6aaed7bfc0fe032e035a62077a74664 0	evidence/corpus-first-use-20260905/worker/browser-first-07/390-entry.png
100644 3344fb727372e7f87a047067051aeab8e984053a 0	evidence/corpus-first-use-20260905/worker/browser-first-07/390-filtered-initial.json
100644 cbc6e2339d4222365d2bbb2353a9528698030153 0	evidence/corpus-first-use-20260905/worker/browser-first-07/390-filtered-repeat.json
100644 cbc6e2339d4222365d2bbb2353a9528698030153 0	evidence/corpus-first-use-20260905/worker/browser-first-07/390-filtered-top10.json
100644 be343e77cb344b72299d0d5410877ec668a15be9 0	evidence/corpus-first-use-20260905/worker/browser-first-07/390-keyboard.json
100644 7b7f94ba78c80890d8fdb95538446126295a01c3 0	evidence/corpus-first-use-20260905/worker/browser-first-07/390-keyboard.png
100644 0d90a8dc8d5b55fd7d0a89ae2f1e65505dd87b5d 0	evidence/corpus-first-use-20260905/worker/browser-first-07/390-local-answer.json
100644 41632a40252f1f3628b62a9bf7f63fc27632d8e6 0	evidence/corpus-first-use-20260905/worker/browser-first-07/390-local-answer.png
100644 b4ec402083042c313de9a2ab84f3abba1944076e 0	evidence/corpus-first-use-20260905/worker/browser-first-07/390-no-result-state.json
100644 b46857c338750563fb3f5174bdc32870ecda0408 0	evidence/corpus-first-use-20260905/worker/browser-first-07/390-no-result-state.png
100644 c44dc44f37c7b9b807ef282b291b36cda0f0bbeb 0	evidence/corpus-first-use-20260905/worker/browser-first-07/390-no-result.json
100644 e37cf60d39e1d9ee5aeef9c561b1328598f5f8ab 0	evidence/corpus-first-use-20260905/worker/browser-first-07/390-public-bundle.json
100644 3344fb727372e7f87a047067051aeab8e984053a 0	evidence/corpus-first-use-20260905/worker/browser-first-07/390-reloaded.json
100644 baf12990158ff8d9b437154c9cc9b2c35e398bc9 0	evidence/corpus-first-use-20260905/worker/browser-first-07/390-score-boundary.json
100644 ac7553d5f055c996d7b6db83494c547b74cce27f 0	evidence/corpus-first-use-20260905/worker/browser-first-07/390-score-boundary.png
100644 233c84c011aaa37c604dbd7c5d264ab5fef12161 0	evidence/corpus-first-use-20260905/worker/browser-first-07/390-static-no-result.json
100644 e13b68ac1d6d836ba4b478b2cf8faa923db4b3d3 0	evidence/corpus-first-use-20260905/worker/browser-first-07/390-static-no-result.png
100644 d83ac11516f4ab4050f4d107bc7a4f82596472df 0	evidence/corpus-first-use-20260905/worker/browser-first-07/390-static-selected.json
100644 19bb5423cc8011def2cf9bd41efbe28e9cb78909 0	evidence/corpus-first-use-20260905/worker/browser-first-07/390-static-selected.png
100644 d2b77330fcc4b7f9ff784e1a4b1c154ffec6da8f 0	evidence/corpus-first-use-20260905/worker/browser-first-07/390-task-provenance.json
100644 6616fa4e0edcafe4c71d786f55bbafc74743d161 0	evidence/corpus-first-use-20260905/worker/browser-first-07/390-task-provenance.png
100644 adbe339a0561261fb476e6d759e93c900da1f58c 0	evidence/corpus-first-use-20260905/worker/browser-first-07/390-text200.json
100644 499b9dcbbde82f7c11ea31d0e9817727e1b519bb 0	evidence/corpus-first-use-20260905/worker/browser-first-07/390-text200.png
100644 43bf86909e5900b5629ffafda6e2be58ecbe880f 0	evidence/corpus-first-use-20260905/worker/browser-first-07/768-bundle.json
100644 2a1ca9905435a1bd5177f1d9d1c9cccbee6b681d 0	evidence/corpus-first-use-20260905/worker/browser-first-07/768-bundle.png
100644 abd6266c1b62001342eb7c25af65760dfebb700d 0	evidence/corpus-first-use-20260905/worker/browser-first-07/768-empty-endpoint.json
100644 7f983d9652339d4529154191d4da54d32b28ae17 0	evidence/corpus-first-use-20260905/worker/browser-first-07/768-empty-endpoint.png
100644 e068606451047c84d9c38a24c7821e703da975e4 0	evidence/corpus-first-use-20260905/worker/browser-first-07/768-entry.json
100644 70a24f1f2f622a6fb4b97d2684f32f822fe1ae5a 0	evidence/corpus-first-use-20260905/worker/browser-first-07/768-entry.png
100644 3344fb727372e7f87a047067051aeab8e984053a 0	evidence/corpus-first-use-20260905/worker/browser-first-07/768-filtered-initial.json
100644 cbc6e2339d4222365d2bbb2353a9528698030153 0	evidence/corpus-first-use-20260905/worker/browser-first-07/768-filtered-repeat.json
100644 cbc6e2339d4222365d2bbb2353a9528698030153 0	evidence/corpus-first-use-20260905/worker/browser-first-07/768-filtered-top10.json
100644 a934facba8ae8f3bf3b25042b743df98e3832c16 0	evidence/corpus-first-use-20260905/worker/browser-first-07/768-keyboard.json
100644 6da3530a1bc2a2bacfaf444ec660c71628b3a06f 0	evidence/corpus-first-use-20260905/worker/browser-first-07/768-keyboard.png
100644 ec33e681944dfb645945b2beb85b3e6810ed0e3c 0	evidence/corpus-first-use-20260905/worker/browser-first-07/768-local-answer.json
100644 b86736d8b4379c0de55e2e13a15a236f0c98bedb 0	evidence/corpus-first-use-20260905/worker/browser-first-07/768-local-answer.png
100644 3628a2df722371de58a01f8d1826a14750d6a3f9 0	evidence/corpus-first-use-20260905/worker/browser-first-07/768-no-result-state.json
100644 238eb17b7534775c61a283df642e533534d94ab0 0	evidence/corpus-first-use-20260905/worker/browser-first-07/768-no-result-state.png
100644 c44dc44f37c7b9b807ef282b291b36cda0f0bbeb 0	evidence/corpus-first-use-20260905/worker/browser-first-07/768-no-result.json
100644 e37cf60d39e1d9ee5aeef9c561b1328598f5f8ab 0	evidence/corpus-first-use-20260905/worker/browser-first-07/768-public-bundle.json
100644 3344fb727372e7f87a047067051aeab8e984053a 0	evidence/corpus-first-use-20260905/worker/browser-first-07/768-reloaded.json
100644 6c366ae4a4a649987ee59daec233338d73765980 0	evidence/corpus-first-use-20260905/worker/browser-first-07/768-score-boundary.json
100644 6114981715fb1a4de5431c19498b0051e5ff2862 0	evidence/corpus-first-use-20260905/worker/browser-first-07/768-score-boundary.png
100644 86439b5dd79fb6e6150d47cd1bd1aa87b99edbee 0	evidence/corpus-first-use-20260905/worker/browser-first-07/768-static-no-result.json
100644 a2734d84f07f94d32bd519930aa99015806e74e2 0	evidence/corpus-first-use-20260905/worker/browser-first-07/768-static-no-result.png
100644 f0f313d02bbcafce40438b036ce9c5d2eab81173 0	evidence/corpus-first-use-20260905/worker/browser-first-07/768-static-selected.json
100644 41575886675f5913ab318b8814f89760be707d0b 0	evidence/corpus-first-use-20260905/worker/browser-first-07/768-static-selected.png
100644 9051231e8c1aa9ad164f7d6042cdb213d1e4516e 0	evidence/corpus-first-use-20260905/worker/browser-first-07/768-task-provenance.json
100644 2dde6b647df4a4e921ccc0bb5506779228d8cbe8 0	evidence/corpus-first-use-20260905/worker/browser-first-07/768-task-provenance.png
100644 ba46ce76fa5b5a9cdcf3ca0a5236ee75a6f8ac4f 0	evidence/corpus-first-use-20260905/worker/browser-first-07/768-text200.json
100644 90a51545466ad02eccf5b615b0d7b73724d3b96f 0	evidence/corpus-first-use-20260905/worker/browser-first-07/768-text200.png
100644 2ecb676a4ae2062f174978502be57e602de71b0d 0	evidence/corpus-first-use-20260905/worker/browser-first-07/report.json
100644 ca4c635a795e01ea71d5e31bdcbc57deca2c41ea 0	evidence/corpus-first-use-20260905/worker/browser-first-07/streamlit.log
100644 1eb9406133e1d305e9b55a5dc2e0b2a5d10c27bf 0	evidence/corpus-first-use-20260905/worker/current-check-01.command.json
100644 27d3d4291b44c6d7d4a0743121b252f98f389355 0	evidence/corpus-first-use-20260905/worker/current-check-01.log
100644 755438a6e2ddc5757df5b3c76cbedec57de346de 0	evidence/corpus-first-use-20260905/worker/current-check-02.command.json
100644 1e7be0bf6447aa17eac4025547dbd9803ff76860 0	evidence/corpus-first-use-20260905/worker/current-check-02.log
100644 a6a4a5130319e95b01c1bd7d18dc6da857b93d5e 0	evidence/corpus-first-use-20260905/worker/current-tests-01.command.json
100644 bfcea6ced7cbacfd2207b310194e99bea5a16472 0	evidence/corpus-first-use-20260905/worker/current-tests-01.log
100644 b48b4655beb6f2e07600230daed7aad1d8fb1ff1 0	evidence/corpus-first-use-20260905/worker/doctor-owner-addendum.json
100644 e42fead1b09b06d0f280c444b504753ef454cfe5 0	evidence/corpus-first-use-20260905/worker/entry-observation.command.json
100644 40a68dd4e2898bf975eca41a220613f55949d114 0	evidence/corpus-first-use-20260905/worker/entry-observation.log
100644 5eabea412d335c67edeef1f4e6d6ffa853ed37a3 0	evidence/corpus-first-use-20260905/worker/entry-observation/entry-1440.json
100644 cbb55f16503a491b5a0fa7605b6dc9e3e0a6895e 0	evidence/corpus-first-use-20260905/worker/entry-observation/entry-1440.png
100644 414d1d77f040044e8933b490b6748be2d8de4f11 0	evidence/corpus-first-use-20260905/worker/entry-observation/entry-390.json
100644 189d38f0efaf52c8126e3d49282435e8d3ad625e 0	evidence/corpus-first-use-20260905/worker/entry-observation/entry-390.png
100644 afb6079e4c0c8e034ad8c55179448ef470361bce 0	evidence/corpus-first-use-20260905/worker/entry-observation/report.json
100644 1616ed5e61d39c9fbb2de0f7680c9b9ef8cd75b3 0	evidence/corpus-first-use-20260905/worker/entry-observation/server.log
100644 fc11d83a828fe42d14fe0f8ee6d0c7824ebb5195 0	evidence/corpus-first-use-20260905/worker/installed-bindings.json
100644 3676eed2f87eaf0ef785815d09418f8b889520cf 0	evidence/corpus-first-use-20260905/worker/nodekit-current-check.command.json
100644 da00cb6ffa0cb47d1c50f4221f43555bb9d89df5 0	evidence/corpus-first-use-20260905/worker/nodekit-current-check.log
100644 fcaa0fbf690277dc63d1d1962fbd726a68aa516c 0	evidence/corpus-first-use-20260905/worker/nodekit-current-input-guard.json
100644 73ce1a6ee911d98cad3e72bc0a2c72e1d6316ca0 0	evidence/corpus-first-use-20260905/worker/observe-entry.mjs.txt
100644 67e64c6dfbabc16595f0ffee66bfe988c50687c1 0	evidence/corpus-first-use-20260905/worker/path-after-probe.mjs.txt
100644 4df7feca994a90af12618a91c3f13c349f1b3817 0	evidence/corpus-first-use-20260905/worker/path-after.command.json
100644 db5e157b02dc7610ab99057c66a37b46ebc552de 0	evidence/corpus-first-use-20260905/worker/path-after.json
100644 e418dc42854492ed69efd1d95d0cd9e2d7b756bd 0	evidence/corpus-first-use-20260905/worker/path-after.log
100644 3c5bb75d6f0319358a5f42b500942dd50b890f06 0	evidence/corpus-first-use-20260905/worker/python-current-freeze.log
100644 1ca81decb4b832ce56721efbfa30483030a458bd 0	evidence/corpus-first-use-20260905/worker/run-command.py.txt
100644 626ed987d2eb16ba20a683466104627994a15fab 0	evidence/corpus-first-use-20260905/worker/scope-before.json
100644 9f44d5f34e2e11920dab4ff99406f020e0c5443c 0	evidence/corpus-first-use-20260905/worker/source-before/README.md.txt
100644 cd42d18404dcf0c565b7435c7f9a3820b0c39790 0	evidence/corpus-first-use-20260905/worker/source-before/docs/NODEAGENT_BRIDGE.md.txt
100644 3911771e06e9403395f58ba07f659c79b3b9e8c5 0	evidence/corpus-first-use-20260905/worker/source-before/docs/UPSTREAM_PROVENANCE.md.txt
100644 24ea0f49b6d96eb23407c4bb5f215b0cda5b6d1a 0	evidence/corpus-first-use-20260905/worker/source-before/nodekit.yaml.txt
100644 7dff7a3d772bc2cbad3bc0b4bad8751268c19120 0	evidence/corpus-first-use-20260905/worker/source-before/scripts/doctor.mjs.txt
100644 7bfa5e2f5cfc517f5c9f3637a33ae98bc067fe0e 0	evidence/corpus-first-use-20260905/worker/source-before/scripts/validate-catalog.mjs.txt
100644 e6ed31656ef1faffdd8991ebb011bd9759ef0c03 0	evidence/corpus-first-use-20260905/worker/source-before/test/corpus-validation.test.mjs.txt
100644 955228fc95f86ebef6d318a610cf1352e29887e9 0	evidence/corpus-first-use-20260905/worker/source-freeze-pre-package.json
100644 f8be6d442261608536fe7ba3d769b407fcf56bcb 0	evidence/corpus-first-use-20260905/worker/source-freeze.json
100644 b96ce607bc747ae0bd6792ae1be116b8744adca6 0	evidence/corpus-first-use-20260905/worker/source.diff
100644 7738ab6019cb2a9366a77b539bee56fd092361f3 0	evidence/corpus-first-use-20260905/worker/ui-boundary-label-correction-02.command.json
100644 510b8e9f99e16506fab75a44cffc7a23f4f1bd05 0	evidence/corpus-first-use-20260905/worker/ui-boundary-label-correction-02.log
100644 c71b5a3c87c6f3be62c92cd1c58212a460538d91 0	evidence/corpus-first-use-20260905/worker/ui-boundary-label-correction.command.json
100644 51457d8268ce910d51b385594a39d637400140b7 0	evidence/corpus-first-use-20260905/worker/ui-boundary-label-correction.log
100644 5ffd461276f3b54b3c46f4df67c44e703c00e45c 0	evidence/corpus-first-use-20260905/worker/ui-findings-before.command.json
100644 19b8ad46735b1cf788f35033f45df3a8f2f95eca 0	evidence/corpus-first-use-20260905/worker/ui-findings-before.log
100644 89f55ded90e7c4efed8889a11e3440a738a89e87 0	nodekit.yaml
100644 eaa074e69c6f6448f68e94133c71ebd50f537bb5 0	package-lock.json
100644 d6a23138f691cee29dace1d6e5cd87aa896f04e9 0	package.json
100644 b57223c76a54eda0e5731df16fbeb9ffc56e64e2 0	proof/corpus-receipt.json
100644 3e3f3d62182ff254e14bca0316ddceddf8c065f5 0	requirements.txt
100644 0b594489417ea014b0484a5772c0248b5df41624 0	schemas/corpus-receipt.schema.json
100644 79e2c4967deab77e67d6f9a8eb60a9d8ef69ca05 0	schemas/node-task.schema.json
100644 61ac7e13c726ad151277d069aa2ca84dcd25932e 0	scripts/build-catalog.mjs
100644 b25c26ec76c242a021b7cd0abb973212d7fb7f42 0	scripts/capture-storyboard.mjs
100644 22ea832a9b0c44ab1911c7b22776579d596436ea 0	scripts/doctor.mjs
100644 8f950922a17a9b546e39f1042cf7e9413730531f 0	scripts/search-tasks.mjs
100644 cbab12d4a9e4a7c9b01df8bef915d06df6bbd904 0	scripts/validate-catalog.mjs
100644 ac18a9639d5dda71f06bdb3bb9606daa0fab8a19 0	scripts/verify-first-use.mjs
100644 7936879c97632bbf8dc9f65f15a60c006b2cfc3a 0	test/corpus-validation.test.mjs
100644 13184946e546a7bdaa2914977cb65d604fbd8e4d 0	upstream/noderoom/AGENTS.md
100644 e6ec10b2561a750c3a94d994534f3356590d04b6 0	upstream/noderoom/LICENSE
100644 0da2c512fc71f1d80bc8ab10539fea87fc1bc146 0	upstream/noderoom/convex/_generated/api.d.ts
100644 44bf98583204c1f9474b38f84b48659b192eea8b 0	upstream/noderoom/convex/_generated/api.js
100644 f97fd1942151eef5b818c0679f7a12f2c22557b5 0	upstream/noderoom/convex/_generated/dataModel.d.ts
100644 bec05e6816acdfd63e38f63f130d5eecd078d373 0	upstream/noderoom/convex/_generated/server.d.ts
100644 bf3d25ad33f675ef36e9b7064d9fd80c99f22c9c 0	upstream/noderoom/convex/_generated/server.js
100644 0d2c332bda7bbaf4ae67b3c4edd2f56474c0eae5 0	upstream/noderoom/convex/agent.ts
100644 66f4709016f9a663f2ee8845b891c8d921fe21e3 0	upstream/noderoom/convex/agentArtifacts.ts
100644 f6ee728f4ade36a3841be7ac581664b5b6c1fd7e 0	upstream/noderoom/convex/agentJobRunner.ts
100644 e1dc8f565177aa59bc8e57929c4a1db86864f8bb 0	upstream/noderoom/convex/agentJobs.ts
100644 ae0cd723a4a8ced4ed432b6d88a44727ba2affea 0	upstream/noderoom/convex/agentRuns.ts
100644 be26bc48baf63a7dd8352447fb1a5be01e819b98 0	upstream/noderoom/convex/agentStepJournal.ts
100644 2051d358559cea3c737d1855a2bfcbff37acd716 0	upstream/noderoom/convex/agentStepJournalClient.ts
100644 3ffe25d587c6b78788dee92f71e7b42f8864fe7b 0	upstream/noderoom/convex/agentSteps.ts
100644 07aae097ada4ebe93644bd51d0a486196667ec87 0	upstream/noderoom/convex/agentWorkflows.ts
100644 594b5a82ffcba4cacd0482834eca1d2b33efb841 0	upstream/noderoom/convex/alwaysOn.ts
100644 8f1e89ada981462dff0ce7a921deadd52c266833 0	upstream/noderoom/convex/alwaysOnCore.ts
100644 3f19dc60b814724caa4a4619a48d225af4affa74 0	upstream/noderoom/convex/alwaysOnShape.ts
100644 b9cdd9402e595562375e2baab7e37eab2485e9df 0	upstream/noderoom/convex/artifacts.ts
100644 cbb5d174bac3609a4e5a5129c77d2949fb279aa4 0	upstream/noderoom/convex/auditBundle.ts
100644 ae02bbf48a4fc426160e7213315718b8d7aa9d01 0	upstream/noderoom/convex/auditLog.ts
100644 42aefd397bc9ae1c201243f8cd78e7240f882cf3 0	upstream/noderoom/convex/benchmarkGrade.ts
100644 358b74c6ee6a721d0427ad020bea7755998a5366 0	upstream/noderoom/convex/captures.ts
100644 62c6dfe8f9a6307761aebb019fc56f8873d5b372 0	upstream/noderoom/convex/capturesNode.ts
100644 ca35fb80757f81007f7e3afe0aba39d3d520f8f3 0	upstream/noderoom/convex/citations.ts
100644 ce174116fcc3e09dd2ed53e99754492bfe9d36b8 0	upstream/noderoom/convex/citePdf.ts
100644 7f23e668b1e0dec3574eb965b25a1e4fd475c3c8 0	upstream/noderoom/convex/collab.ts
100644 91315c52c4a72a17a76d427a78e1b45f927ddba2 0	upstream/noderoom/convex/convex.config.ts
100644 1d1620ebac0ecde25e592d8444e271f3413ed89c 0	upstream/noderoom/convex/convexRoomTools.ts
100644 96fbd6621807f6c1ac1fd9707fddaff7067b62ee 0	upstream/noderoom/convex/credits.ts
100644 17ae7d5363087caa0cbd48a69f2c99e9ce185c5e 0	upstream/noderoom/convex/crons.ts
100644 f4e69b878580e911b1bd3f65a13e4bf6fb9cadda 0	upstream/noderoom/convex/drafts.ts
100644 52221221e03f212972cd7c2a2092452da3a44df7 0	upstream/noderoom/convex/elementHistory.ts
100644 ef9c964d0cb32e0ae82a0982b305ab03a23948b4 0	upstream/noderoom/convex/embeddingRunner.ts
100644 a7e6979b58ce1584edb373efd0a7fa5daf04d902 0	upstream/noderoom/convex/embeddings.ts
100644 014fdc1fbddf7d7e6eb089fe6c4ba25e6d96b6a4 0	upstream/noderoom/convex/evalLedgerIngest.ts
100644 3be2d709b1709b3d46e5c18d3db91a88746b88cb 0	upstream/noderoom/convex/evalRuns.ts
100644 fe17c0bd41e36845f8be4f3337e7af73301c977a 0	upstream/noderoom/convex/evidence.ts
100644 ccd7a7484bc0440590ed8c64f10f266bf3afe8aa 0	upstream/noderoom/convex/exportDelete.ts
100644 31e7d9fd2a1e20fae853c12e46618c7e8c12aeb5 0	upstream/noderoom/convex/fileProcessing.ts
100644 c6ba4d6336fc6b9c2e9693a9e0f221d672864abe 0	upstream/noderoom/convex/http.ts
100644 3d05b0a71225402e6549c4d062bea438c0b28b0a 0	upstream/noderoom/convex/lib.ts
100644 deb1a4c9e2b3715f0a21969a19dc22d170183213 0	upstream/noderoom/convex/lib/cellsToGoldenOutputs.ts
100644 9993083692ac81f06e50d816f75d22096183eaaf 0	upstream/noderoom/convex/lib/goldenRubrics.ts
100644 f216f6cce473135cebcb40a6cad40f28d521dd3a 0	upstream/noderoom/convex/locks.ts
100644 1e33c5dba2d79486ef665f2225c0f013011702ef 0	upstream/noderoom/convex/loopAttempts.ts
100644 09166f695eccd52139db4da1d9a0b519415374df 0	upstream/noderoom/convex/loopPolicies.ts
100644 ef56f82a1957a2d98b2de5b8f1a2cbc3f573317c 0	upstream/noderoom/convex/loopRewards.ts
100644 c970e34bbd169718c94f24eeceb0c6125363e9c2 0	upstream/noderoom/convex/memory.ts
100644 106f2fb512c65ae03a263774536729b0d6e03f97 0	upstream/noderoom/convex/messages.ts
100644 0082b709afc4f3e851664978344e49e12b8e2ddf 0	upstream/noderoom/convex/metrics.ts
100644 8ecdd546767abc85f732215c5f99697c418389aa 0	upstream/noderoom/convex/modelFrontier.ts
100644 681f5aa0bcc206e17977d93e17c602f3d079276b 0	upstream/noderoom/convex/nodemem.ts
100644 6854b5b525bf59c9e6d73b4ee2f04c828d79c873 0	upstream/noderoom/convex/nodememCompile.ts
100644 e6006d5ec3a9d1bb6375d05d5314b631d79b795c 0	upstream/noderoom/convex/notebookAgent.ts
100644 7b43bdc7d045c6ac7ba61e2d132be97e26cb6639 0	upstream/noderoom/convex/notebookGraph.ts
100644 1cfb4ce5a4d7f854d9b1d17b6e55e83c94f32cde 0	upstream/noderoom/convex/notebookProcessing.ts
100644 bd9ee5cf9d7cf77c4a19034f2f34ab3bba7b8106 0	upstream/noderoom/convex/noteworthy.ts
100644 401083adb8fcb041cbf188411f0f1bfe7756474b 0	upstream/noderoom/convex/okf.ts
100644 d03de839d4671f86c558a3130873dfcea844e9d0 0	upstream/noderoom/convex/okfEmbeddingProvider.ts
100644 f19abf74be76c9abcc624a96874303655e53e196 0	upstream/noderoom/convex/okfIndexer.ts
100644 2623b983e55688cb1f630cc7cb840451416a640f 0	upstream/noderoom/convex/presence.ts
100644 d756341872d1954869a029349d466f926cd7ea44 0	upstream/noderoom/convex/prosemirror.ts
100644 783f49d5f3d8fd20c2951d6d1e25c19a711de449 0	upstream/noderoom/convex/retention.ts
100644 afdd9ed6dfb85bc010ab7deb30ed06bd0ea5fd7e 0	upstream/noderoom/convex/roomActivity.ts
100644 f5313d9fc0b30fb1819226d6fa9d98efb6bed83b 0	upstream/noderoom/convex/rooms.ts
100644 1d4f2a96c5223e32d362f203791e5fbaa2a53259 0	upstream/noderoom/convex/runTrace.ts
100644 e2b1e5d886453fcd6a4a1662d98cd553d243a294 0	upstream/noderoom/convex/schema.ts
100644 b94ae722aeccacaf2356a524c1606c98f41deb44 0	upstream/noderoom/convex/sec.ts
100644 d631a43c4775bb2d8678b334ebc0dae3745d2ef3 0	upstream/noderoom/convex/securityEvents.ts
100644 968021cd30077d62357cb77d91719cc368266b6c 0	upstream/noderoom/convex/seed.ts
100644 ab8bf2720cae004ef01ddf8c45d451d7b8c50728 0	upstream/noderoom/convex/semanticRebase.ts
100644 3e59cc18266dd513f30bc53cd1ef29f6c7d91955 0	upstream/noderoom/convex/spreadsheetIndexLib.ts
100644 3ba5e4248d663bd59575fdf100228d6d19a3e6bf 0	upstream/noderoom/convex/streaming.ts
100644 b8df4456718abf9a8a961b4d43599e866422d3ed 0	upstream/noderoom/convex/streamingModel.ts
100644 6a7487d3a8f955941bc27ea107850b40b12fec54 0	upstream/noderoom/convex/tsconfig.json
100644 0922ff2ef7e505e05437a6afcb9fbb9058ed4f66 0	upstream/noderoom/convex/usageLimits.ts
100644 e6ceb92b8f9a16e157145dcdbc4c8cdcf8ceab73 0	upstream/noderoom/convex/voice.ts
100644 5ba58e2322b5dc0cfd2a7dc49ad1cca30f1aea03 0	upstream/noderoom/convex/watches.ts
100644 98d401c0561147e6e603206b5768709c00debb16 0	upstream/noderoom/convex/watchesTables.ts
100644 0682def7bbf47ccc845080396c9e983be0c6c513 0	upstream/noderoom/docs/EXPECTED_TOOL_USE.md
100644 8a06cd371f6e3875e31cde28d7b3b5575e2bae45 0	upstream/noderoom/docs/LOOP_ENGINEERING_REQUIREMENTS.md
100644 2af937bf9efc6eeab3f38ef295f42d4b421d243a 0	upstream/noderoom/docs/eval/ACTUARIAL_MULTI_ANGLE_FORECASTING_PROOFLOOP.md
100644 b205f1c38e9654d5d5212e95450d6add884202e3 0	upstream/noderoom/docs/eval/AUTONOMOUS_CREDIT_APPROVAL_PROOFLOOP.md
100644 0020184569d04316f6e23e965aa49ee969e2c571 0	upstream/noderoom/docs/eval/BANKERTOOLBENCH_ANTI_CHEAT_DOCTRINE.md
100644 c3eaa42700f479e8f13ed92f12f40f1548ade45f 0	upstream/noderoom/docs/eval/BANKERTOOLBENCH_LOOP_ITERATIONS.md
100644 11a313b8d2bb273a98af813de073d1fd6eb88b83 0	upstream/noderoom/docs/eval/BANKERTOOLBENCH_NODEROOM_EXECUTION_PLAN.md
100644 93736e5cb7838f379cb0b9f1a9d4b439305aeb50 0	upstream/noderoom/docs/eval/FINANCE_MODEL_EVAL.md
100644 b15c3f9b6f539a3a2887d39248b112f67ee0e09a 0	upstream/noderoom/docs/eval/LIVE_PROD_TEST_RUN_2026-07-06.md
100644 e6633ba4e64ebc9137a6e986685424f53f7572a7 0	upstream/noderoom/docs/eval/LOCAL_BENCH_SETUP.md
100644 ef4c53e9360193f52907ee646a6435d71d6aa4f6 0	upstream/noderoom/docs/eval/MODEL_EVAL_MATRIX.md
100644 dada19ed9abf77ae64a30d05f0bdf4816fe36cd3 0	upstream/noderoom/docs/eval/MULTI_USER_COORDINATION_PROOF.md
100644 26eb43b23759abee6fd77d09bedf88f0460396ba 0	upstream/noderoom/docs/eval/NODEAGENT_INGESTION_ORCHESTRATOR.md
100644 4f0662cbba5da4ca3689fbacb4e7bb1829427e58 0	upstream/noderoom/docs/eval/OFFICIAL_BENCHMARK_READINESS.md
100644 91375c47d1f35746cecc2d22e476fceb6094b6a5 0	upstream/noderoom/docs/eval/OFFICIAL_BENCHMARK_TASK_COVERAGE.md
100644 2530f50ca19a62e2094d887fcb95fbed94944cd2 0	upstream/noderoom/docs/eval/OFFICIAL_BENCHMARK_UI_COVERAGE.md
100644 aabff9f7bb5d9252c8cf29d7809217bdd224b71c 0	upstream/noderoom/docs/eval/OPENROUTER_CONVEX_BENCHMARK.md
100644 8095b70fa82f19e94838231ece98e7bb5e372f28 0	upstream/noderoom/docs/eval/PROOFLOOP_BENCHMARK_BOARD.md
100644 a31780cd06001248ea5e8b3f996d65ecabe6cd03 0	upstream/noderoom/docs/eval/PROOFLOOP_COMPANY_TASK_COVERAGE.md
100644 09309e8b50bca05212df68a6f9dab7bde292c10b 0	upstream/noderoom/docs/eval/PROOFLOOP_FREE_OPENROUTER_NODEAGENT_GAUGE.md
100644 0b0b3296c583e8585108317d5cbbe8e7ce9dfa5c 0	upstream/noderoom/docs/eval/PROOFLOOP_FULL_PROXY_BENCHMARK_SWEEP.md
100644 2c5ba46324089f7ac8f6d78e09b83d63a7cde943 0	upstream/noderoom/docs/eval/PROOFLOOP_GOAL_LEDGER.md
100644 8a083381c557e66cb55269bf70b4353865b5b116 0	upstream/noderoom/docs/eval/PROOFLOOP_HARNESS_ECONOMICS.md
100644 1ab20a515501745f031cf09b06e69f71c48c5754 0	upstream/noderoom/docs/eval/PROOFLOOP_NORMALIZED_BENCHMARKS.md
100644 30b81c7d5d7e1437fc552768e703e2f84c062aca 0	upstream/noderoom/docs/eval/PROOFLOOP_NPX_PACKAGE_PROOF.md
100644 1df21b5cc88527fe7e29b7db347a0dc89351eec7 0	upstream/noderoom/docs/eval/PROOFLOOP_ORCHESTRATOR_DOGFOOD.md
100644 e5a9dc4e15fd648bd3ba6f8c9090f9f951aad409 0	upstream/noderoom/docs/eval/PROOFLOOP_PREPROD_READINESS.md
100644 c99bfaa81d892be57b4b4eedbc67f7625ce71eea 0	upstream/noderoom/docs/eval/PROOFLOOP_PROD_BROWSER_ADAPTERS.md
100644 ee4d3993fdaefd779b6c5f5db49eab5cdcacf89b 0	upstream/noderoom/docs/eval/PROOFLOOP_PROD_PROXY_BENCHMARK_MATRIX.md
100644 15f59970366a69ccb62c4c91472b06df9a5982ff 0	upstream/noderoom/docs/eval/PROOFLOOP_PROD_PROXY_LONGRUN.md
100644 44e05fc04a83cd6e5b55fa9c5903a90ff776dddd 0	upstream/noderoom/docs/eval/PROOFLOOP_PROD_PROXY_LONGRUN_FREE.md
100644 a1ce327f3f400248f017bee02f75480b789a2c85 0	upstream/noderoom/docs/eval/PROOFLOOP_PROD_PROXY_LONGRUN_FREE_RUN.md
100644 439e69f7c9f409cfbe166bb4a29995532ac757d2 0	upstream/noderoom/docs/eval/PROOFLOOP_PROXY_MODEL_SWEEP.md
100644 5be87c1f9720f3136aeecf8b067567cdf8941bdf 0	upstream/noderoom/docs/eval/PROOFLOOP_STANDALONE_RUNNER_DOGFOOD.md
100644 91fdee25d8cec1e08d53788a5505674cf9392e96 0	upstream/noderoom/docs/eval/PROOFLOOP_TWO_LAYER_CERTIFICATION.md
100644 557d23757730a27d3631617c9cf72285ac25423e 0	upstream/noderoom/docs/eval/UNDERWRITING_LIVE_PROOFLOOP.md
100644 bd107b79cc129cc1325814a13de3a791e66f48b4 0	upstream/noderoom/docs/eval/bankertoolbench-ingest-smoke.json
100644 c540671e3f70b9e0ddb812de1313016aa7bbfef2 0	upstream/noderoom/docs/eval/bankertoolbench-live-room-proof.json
100644 de77a6bf7930b70ef6cbd686554cfd86bb19fc0d 0	upstream/noderoom/docs/eval/bankertoolbench-manifest-lock-smoke.json
100644 2611d54c6a8f4f72ba040dbe6f7f728f7be31a23 0	upstream/noderoom/docs/eval/bankertoolbench-official-contract.json
100644 48a065f839d283d20349309acf969f16609167c3 0	upstream/noderoom/docs/eval/bankertoolbench-run-contamination-smoke.json
100644 ca18aa7d4d3572984d989c078dec3191eb506683 0	upstream/noderoom/docs/eval/bankertoolbench-run-positive-contamination-smoke.json
100644 c13b66ad32604564cf1b397fac89b017558f93b4 0	upstream/noderoom/docs/eval/bankertoolbench-run-positive-smoke.json
100644 6d791f6209326ae1b9e1ce33211f01efeb8faf36 0	upstream/noderoom/docs/eval/bankertoolbench-run-smoke.json
100644 17f9dc01f2fa4a8eff5c25a19d0b9b8f51027345 0	upstream/noderoom/docs/eval/bankertoolbench-stage-contamination-smoke.json
100644 e7e17eabc838bfb004587c48ddae70aa2d353e88 0	upstream/noderoom/docs/eval/bankertoolbench-stage-smoke.json
100644 b5e1ba5b59043663dbf83ca1178a1d2fe371a068 0	upstream/noderoom/docs/eval/chat-intake-live-managed.json
100644 3ba4c813ddc9ac073bb77152511e14c62fcb7faf 0	upstream/noderoom/docs/eval/chat-intake-live.json
100644 8c98f6b9b26840171df366ea35bb6dccf96a6f6b 0	upstream/noderoom/docs/eval/finance-model-live.json
100644 baf3c5e1b8fb6d4a2e765ec03f737114ada95c22 0	upstream/noderoom/docs/eval/halo-live-path-calibration.json
100644 1635ecb58448d76e099bcb674820f062d1044153 0	upstream/noderoom/docs/eval/live-browser-gemini-review-20260615.json
100644 da58062e396101ea6c7154106e779dc7a4266b33 0	upstream/noderoom/docs/eval/live-browser-workflow-review-20260615.json
100644 052fa827c0847ea13a6880b7f7787795923fc7b1 0	upstream/noderoom/docs/eval/live-provider-agent-ladder-2026-06-08.md
100644 bb38440fa94fc9f282976a4e251f60b4aeadce9c 0	upstream/noderoom/docs/eval/managed-lock-performance-live.json
100644 4db43f5667ae230229dc8ddb64851afcc9c6e79b 0	upstream/noderoom/docs/eval/model-eval-matrix-plan.json
100644 7309eaa3ded0280e74df294002998613adc510f8 0	upstream/noderoom/docs/eval/model-ladder-matrix.svg
100644 20ff91155a7cf6937384b48ed157ca1cd3fdc97a 0	upstream/noderoom/docs/eval/model-ladder-supported.json
100644 c8484a6ac545942bb8b08ba2c1973fbac70bd991 0	upstream/noderoom/docs/eval/nodeagent-frame-smoke.json
100644 5840695f0301e77652e903628e91f0fcf4e4b9b5 0	upstream/noderoom/docs/eval/nodeagent-ingestion-orchestrator.json
100644 3b014b6f884c72b20164594cd4a54947cff101fe 0	upstream/noderoom/docs/eval/nodemem-benchmark-report.json
100644 ecd9051be904ead2b1bb4cef092958beaead357f 0	upstream/noderoom/docs/eval/nodemem-recall-benchmark.json
100644 026a2c3b9f5d55fc94479e68e45598111489dd69 0	upstream/noderoom/docs/eval/nodemem-recall-benchmark.md
100644 042a78ea5228fe2c9e5d30670bc575e433a003d9 0	upstream/noderoom/docs/eval/official-benchmark-readiness.json
100644 c3ff5ea20a7712337d316babe6cea73f173f0f61 0	upstream/noderoom/docs/eval/official-benchmark-task-coverage.json
100644 e04ca6f37917be33fed295d57eaf79bb7aa6cb66 0	upstream/noderoom/docs/eval/official-benchmark-ui-coverage.json
100644 fa9804db64d8ad700248f419d238dcad588f03c0 0	upstream/noderoom/docs/eval/omnigent-nodeagent-smoke.json
100644 e8eba7a315bea41a2bf6d81b7a2932c6a6967554 0	upstream/noderoom/docs/eval/openrouter-convex-benchmark.json
100644 2ec1204f67b1b1d33fb7ed3ef73884302fd59589 0	upstream/noderoom/docs/eval/openrouter-free-model-discovery.json
100644 2c326f6607c86bc817c37828d1e422ea02b1a431 0	upstream/noderoom/docs/eval/professional-live-catalog-ibm-granite-granite-4-1-8b.json
100644 28ba4c069a89df12e3e2681515ffdc89429ea228 0	upstream/noderoom/docs/eval/professional-live-catalog-nex-agi-nex-n2-pro-free-smoke.json
100644 ecb329c4c12d6d5293f222b3a0e49b437425074a 0	upstream/noderoom/docs/eval/professional-live-catalog-z-ai-glm-4-7-flash-smoke.json
100644 83f54171ad646ee7ace124a871b42cc0efec5dc5 0	upstream/noderoom/docs/eval/professional-live-catalog.json
100644 049a173aec2f79655cd2bedc9c118b685c30f455 0	upstream/noderoom/docs/eval/professional-live-runtime-retry.json
100644 c70214b9e018a9d26891ae31f0673557abbeee96 0	upstream/noderoom/docs/eval/professional-live-runtime-scripted.json
100644 3a788066908017fcc66a8e4a38eef1e6a67ac408 0	upstream/noderoom/docs/eval/professional-live-runtime-smoke.json
100644 56775cf7b5ffeff0d57fcdddb7955d6cc5e1ab80 0	upstream/noderoom/docs/eval/professional-live-runtime.json
100644 3c078cc45ebf844062daa5a073b9be256d06d2ff 0	upstream/noderoom/docs/eval/proofloop-benchmark-board.json
100644 93d1499d28b913b0c22af6f927b63f60bef710bd 0	upstream/noderoom/docs/eval/proofloop-codegraph-dogfood.json
100644 e0f62a04d53cb8a7136c671ec32709a5923b9e2b 0	upstream/noderoom/docs/eval/proofloop-codegraph-dogfood.md
100644 133d2b64496bf7cae6bcab4f82b4a0d72feab920 0	upstream/noderoom/docs/eval/proofloop-company-task-coverage.json
100644 4241d5d836f40d7257c60403f7aad48dc6ec7292 0	upstream/noderoom/docs/eval/proofloop-free-openrouter-nodeagent-gauge.json
100644 6e7dee2a0884749b8168499d8debc286a51cc0e3 0	upstream/noderoom/docs/eval/proofloop-full-proxy-benchmark-sweep.html
100644 fd167a9be5704fb6d4a7cdad187d96b631d810a2 0	upstream/noderoom/docs/eval/proofloop-full-proxy-benchmark-sweep.json
100644 590604b5544196403857466de2ef2cf0428a482a 0	upstream/noderoom/docs/eval/proofloop-goal-ledger.json
100644 7313193426b8b4304b7ae2c2d93d00561e5b9875 0	upstream/noderoom/docs/eval/proofloop-harness-economics.json
100644 7719729bd277b196ab772371af6138bd5849af6c 0	upstream/noderoom/docs/eval/proofloop-hyperagent-repair.md
100644 3c7b199afdf49f010e6b9dbb30709e8645ec6c30 0	upstream/noderoom/docs/eval/proofloop-live-accounting-free-smoke.json
100644 1687188a87371da75ea5fa1f65523d8f8f4fe2a6 0	upstream/noderoom/docs/eval/proofloop-live-chrome-prod-room.json
100644 4627348a8b35b34adaf6b7a5798cd3bd839ac6fe 0	upstream/noderoom/docs/eval/proofloop-live-chrome-prod-room.png
100644 0d78a95aa22257b58bf283dff384c8dfd9dedb92 0	upstream/noderoom/docs/eval/proofloop-live-multi-user-free-smoke.json
100644 dbbeabdd1f6e07934d5a4a35c81355cf005fb366 0	upstream/noderoom/docs/eval/proofloop-live-multi-user-qwen-failure.json
100644 9cc3d234b944b9aef252ec0f2ce8e6e8e41603c9 0	upstream/noderoom/docs/eval/proofloop-live-proximitty-free-smoke.json
100644 bdf5bd8c1ae6dd742bbe4a11a2c262918abb7e28 0	upstream/noderoom/docs/eval/proofloop-live-room-memo-proof.json
100644 014afcf3905bcfae443b345f6281635de9ecede4 0	upstream/noderoom/docs/eval/proofloop-live-room-proof.json
100644 336bc2285d2cca21f88e1da39f81dfa279800d4c 0	upstream/noderoom/docs/eval/proofloop-live-room-research-proof.json
100644 8638f8fb37a910e96c43b93dad109c56115badb4 0	upstream/noderoom/docs/eval/proofloop-live-room-runway-proof.json
100644 257b0a00ccb0a825164995a3e22002601ec94d32 0	upstream/noderoom/docs/eval/proofloop-live-room-smoke-proof.json
100644 47d09283837cc5b91fdbf209c9fd810b34e9dd0f 0	upstream/noderoom/docs/eval/proofloop-normalized-benchmarks.json
100644 cf2a7e25133b8774efd33c327db6892639394cd5 0	upstream/noderoom/docs/eval/proofloop-npx-package-proof.json
100644 aa2c4d641a83c4aa7d0a0d69121d6755e4afa965 0	upstream/noderoom/docs/eval/proofloop-orchestrator-dogfood.json
100644 5db2410a5c521396ed50f85563600f7dc51aae90 0	upstream/noderoom/docs/eval/proofloop-preprod-readiness.json
100644 6ecc7e150eab84aa5fb080ffba78ecca27769420 0	upstream/noderoom/docs/eval/proofloop-prod-browser-adapters.json
100644 9d9a248a5f51aea844ececd01f36f72a653bbc1f 0	upstream/noderoom/docs/eval/proofloop-prod-proxy-benchmark-matrix.html
100644 4d43e05578ece4eb2a2ee2cdcd5b72482e360329 0	upstream/noderoom/docs/eval/proofloop-prod-proxy-benchmark-matrix.json
100644 3887c23e4af9db3c2e33ac4795f3b5d80ac6f2c9 0	upstream/noderoom/docs/eval/proofloop-prod-proxy-longrun-free-plan.json
100644 744aa46f8041f41857bd6c35acfd1dc700ac5b96 0	upstream/noderoom/docs/eval/proofloop-prod-proxy-longrun-free-run.json
100644 0e48beb689c9a21d75060f8f313a4a5a0f291874 0	upstream/noderoom/docs/eval/proofloop-prod-proxy-longrun-plan.json
100644 458c1a4b498b7e0826ee92ebadcebac0266a0fe2 0	upstream/noderoom/docs/eval/proofloop-proxy-model-sweep-costs.html
100644 059e0c597f72b52672690e61e1eb6b70f7de2be0 0	upstream/noderoom/docs/eval/proofloop-proxy-model-sweep.json
100644 a024c4304bfa4e53a4aa592ab7e9792d1d87f581 0	upstream/noderoom/docs/eval/proofloop-standalone-runner-dogfood-plan.json
100644 cad8b3e7f995b613bcfb80be0ea52404a926f571 0	upstream/noderoom/docs/eval/proofloop-two-layer-certification-runner-plan.json
100644 33c920ff4f7cbe7e47a36b381af827b294a54582 0	upstream/noderoom/docs/eval/qa-coverage.svg
100644 7299a5f5f434fa18faae7798a5d3e011882513ae 0	upstream/noderoom/docs/eval/spreadsheetbench-chart-visual-probe.json
100644 0249e42300ceb9601229bae9f7dfb4363a73b70d 0	upstream/noderoom/docs/eval/spreadsheetbench-edit-plan-run-smoke.json
100644 48bc246166785958ce796319883f75280ad92ca4 0	upstream/noderoom/docs/eval/spreadsheetbench-edit-plan-stage-smoke.json
100644 ca4042a4fcc2e3d6519fdf9a7b8b6233d5c4e203 0	upstream/noderoom/docs/eval/spreadsheetbench-live-room-proof.json
100644 746b3a5d7b13bb1cb3a71b9f1423799312df8512 0	upstream/noderoom/docs/eval/spreadsheetbench-model-edit-plan-live-smoke.json
100644 db4bb3c7afae0740c47289f258b4447c746ca300 0	upstream/noderoom/docs/eval/spreadsheetbench-v1-912-copy-input-baseline.json
100644 2bfe016919a27ac256975ca6b877d1afdb1acbb8 0	upstream/noderoom/docs/eval/spreadsheetbench-v1-912-stage.json
100644 eb1a102bb3f6dbf5fb96f435db9d60293dfc3395 0	upstream/noderoom/docs/eval/spreadsheetbench-v1-copy-input-full-smoke.json
100644 7cacf3f4556b1f823a8ec541a475ddf4f1d8909f 0	upstream/noderoom/docs/eval/spreadsheetbench-v1-full-stage-contamination.json
100644 bfe1d1f623e44a7e24ae15ff9765d3b03a8a90e0 0	upstream/noderoom/docs/eval/spreadsheetbench-v1-full-stage-proof.json
100644 c380706e115d1a102f6bfe93a310f40e9492bf44 0	upstream/noderoom/docs/eval/spreadsheetbench-v1-full-stage-smoke.json
100644 05e92dc69f52ee8f8954779c06f312de36c33b56 0	upstream/noderoom/docs/eval/spreadsheetbench-v1-ingest-smoke.json
100644 61e71b70840c28a4861f2f2501df820a6ea697bf 0	upstream/noderoom/docs/eval/spreadsheetbench-v1-model-edit-plan-3task-live-smoke.json
100644 9093322ad34c0d0ff6ff0c956780888f33ef02d7 0	upstream/noderoom/docs/eval/spreadsheetbench-v1-model-edit-plan-3task-n5-live-smoke.json
100644 47eed44f677441de5c8d90b0db13c49a3ce571bc 0	upstream/noderoom/docs/eval/spreadsheetbench-v1-model-edit-plan-live-smoke.json
100644 7ed19e5a62914ca916d977e62e247f3009757776 0	upstream/noderoom/docs/eval/spreadsheetbench-v1-model-edit-plan-n5-live-smoke.json
100644 a125dcfa5257dd686000fe68260a9ee129813ff1 0	upstream/noderoom/docs/eval/spreadsheetbench-v1-model-edit-plan-retry-live-smoke.json
100644 d28244b8f5f39d40cdce26a40117d232cf61f077 0	upstream/noderoom/docs/eval/spreadsheetbench-v1-route-selection.json
100644 089dac3ca9a936f86c098bdc8d80b9920aaab15c 0	upstream/noderoom/docs/eval/spreadsheetbench-v1-run-3task-contamination-smoke.json
100644 f3301befffe3aa771990d080992084f0472ea23c 0	upstream/noderoom/docs/eval/spreadsheetbench-v1-run-3task-n5-contamination-smoke.json
100644 35a0d7118599a6e114a5c0f81f220e56b5cf2049 0	upstream/noderoom/docs/eval/spreadsheetbench-v1-run-n5-contamination-smoke.json
100644 a55e7ba2ffa687cca45196da82a454db71805feb 0	upstream/noderoom/docs/eval/spreadsheetbench-v1-run-retry-contamination-smoke.json
100644 82e22f714b4dc969311f2f14e584ed612ef3afb2 0	upstream/noderoom/docs/eval/spreadsheetbench-v1-run-smoke.json
100644 f7ed2c1cd1663ddcec28f245cc219fd662be2359 0	upstream/noderoom/docs/eval/spreadsheetbench-v1-score-smoke.json
100644 b3cb2b9704235ffd846427cbc9e967c7093dcb23 0	upstream/noderoom/docs/eval/spreadsheetbench-v1-stage-contamination-smoke.json
100644 19488628ea3c52b8100125d53c3daa1a479eacb6 0	upstream/noderoom/docs/eval/spreadsheetbench-v1-stage-smoke.json
100644 688ebea537cea3690affa730a4f0d4b969101d4a 0	upstream/noderoom/docs/eval/spreadsheetbench-v2-full-ingest.json
100644 025890564fec66fff8d5eda16905863c9ce5dfbe 0	upstream/noderoom/docs/eval/spreadsheetbench-v2-full-stage.json
100644 6f8da21c54d9adc9ed71e4777692aea09f84d7a9 0	upstream/noderoom/docs/eval/spreadsheetbench-v2-ingest-smoke.json
100644 4b41316c1acd07d4d45d87270163383431f64860 0	upstream/noderoom/docs/eval/spreadsheetbench-v2-route-selection.json
100644 5f0eae7e72c9a3c679166dedd900fe7bf132308d 0	upstream/noderoom/docs/eval/spreadsheetbench-v2-run-contamination-smoke.json
100644 27fa8bb6928941b0ae5ae79a0fbbe212540520de 0	upstream/noderoom/docs/eval/spreadsheetbench-v2-run-smoke.json
100644 b0866b25f646aea44f5fdcccd23b6564cb3d4f43 0	upstream/noderoom/docs/eval/spreadsheetbench-v2-score-smoke.json
100644 1254e3c6061b9969401f08ff4a8a33f5444cee66 0	upstream/noderoom/docs/eval/spreadsheetbench-v2-stage-contamination-smoke.json
100644 d66c68f540bb0a3b77a85ff52903cde333279345 0	upstream/noderoom/docs/eval/spreadsheetbench-v2-stage-proof.json
100644 ca43ef303d79e07a89b8926fbc4e8edccd644b1e 0	upstream/noderoom/docs/eval/spreadsheetbench-v2-stage-smoke.json
100644 703c457f38b22475fc75071b6dfa9c3a890a5655 0	upstream/noderoom/docs/eval/startup-diligence-war-room-live-results.json
100644 f9a8286a4dbf6e0713292ff3ea87033ba7ec35a6 0	upstream/noderoom/docs/eval/startup-diligence-war-room-live.json
100644 28cf993b51942baa9e2e29459f455ac471fa6b59 0	upstream/noderoom/docs/eval/startup-diligence-war-room-live.md
100644 e7202c79a1e06f8b873f634525c430726de8ed89 0	upstream/noderoom/docs/eval/underwriting-hmda-live-proof.json
100644 7b9aa6730aa7ebf20f1551120e7900031121112c 0	upstream/noderoom/docs/qa/ANTI_SHALLOW_QA_POLICY.md
100644 f243e865896a5d030fc8d86399ce7cd3a17e94cc 0	upstream/noderoom/docs/qa/BENCHMARK_PROOF_LEDGER.md
100644 2fe681f5c07e5d525e97a7d9533357360c682664 0	upstream/noderoom/docs/qa/BROWSER_E2E_FLOW_INVENTORY.md
100644 02d13ec5d45abe1bac1c74df63295b8fc13ae76c 0	upstream/noderoom/docs/qa/CURRENT_STATE_RECEIPT.md
100644 6540722bcd85894a403cf45cce931ba12c69f2ca 0	upstream/noderoom/docs/qa/DESIGN_QA_HANDOFF_PLAN.md
100644 c04d70e65a6f5371e3077bc7dbbb0bcf373ee61e 0	upstream/noderoom/docs/qa/DESIGN_QA_STATE_JUDGE.md
100644 12cd119fd19905c673f8c5ba4c104eeaa8e3e003 0	upstream/noderoom/docs/qa/FINAL_QA_SUMMARY.md
100644 df2e34e2fb7a301bc1139c3de786c14a0f0e5d7a 0	upstream/noderoom/docs/qa/LIVE_DOGFOOD_RESULTS.md
100644 d04ce84619372341cb471d6bab25598fafe387fe 0	upstream/noderoom/docs/qa/LIVE_USER_QA_CASES.md
100644 45c339811db69a19039f03ecd6693250a29c1d8d 0	upstream/noderoom/docs/qa/NODEROOM_CURRENT_STATE.md
100644 676b4ea7555de4d967cd338b6123ae76e9a7c2d5 0	upstream/noderoom/docs/qa/NODEROOM_DOGFOOD_MATRIX.md
100644 e7171db0577a8194fdedbe4b5aa200d6369c2674 0	upstream/noderoom/docs/qa/RELIABILITY_PROOFS.md
100644 46f5b2723af889be09b6a03404d1e7bce2db9388 0	upstream/noderoom/docs/qa/SPREADSHEET_PARITY_CHECKLIST.md
100644 01f001f855f554cfc85ea4a2c0da3553b3c214b5 0	upstream/noderoom/docs/qa/STORY_ROUTE_DOGFOOD.md
100644 009d3994abdcd9cd11354791aaf7a997e0df7754 0	upstream/noderoom/docs/qa/TRACE_USER_QA_CASES.md
100644 4c37159549751945cecaeaf75a5e4b12e605bce8 0	upstream/noderoom/docs/qa/audit-fixes.json
100644 cac0b47a042c4418733b4c0fc1c79bcdefaf9b07 0	upstream/noderoom/docs/qa/browser-e2e-flow-inventory.json
100644 645e64869e79c226703726d470dd9fb4096d1efb 0	upstream/noderoom/docs/qa/noderoom-dogfood-matrix.json
100644 616c0e5f175b51d37a78d958715b09b3cd3e65a7 0	upstream/noderoom/docs/qa/production-matrix.json
100644 e913ac72352c311625cd092ca4a377c7b2696163 0	upstream/noderoom/docs/qa/state-captures/chat/composer-empty--dark--1860.png
100644 3a7f7bcc8f19c4f02e86eeb4acd40ba5d261f0a9 0	upstream/noderoom/docs/qa/state-captures/chat/composer-focus--dark--1860.png
100644 f6b4702adda046a8f2441f3b0e865478aa6b25f4 0	upstream/noderoom/docs/qa/state-captures/chat/composer-typed--dark--1860.png
100644 9b0ac85e51e0d5fe47980a903e6bf16d4fc14a8d 0	upstream/noderoom/docs/qa/state-captures/chat/message-hover--dark--1860.png
100644 d2ffe2533694829aa0f3794c44e8d592b88123a5 0	upstream/noderoom/docs/qa/state-captures/landing/default--dark--1860.png
100644 4a0bb7c5807e4a086ef86ce75f3a1a8f663a6fa1 0	upstream/noderoom/docs/qa/state-captures/landing/default--light--1860.png
100644 5c29d7a862311e30621f167e51858a0bf01d8323 0	upstream/noderoom/docs/qa/state-captures/landing/join-focus--dark--1860.png
100644 c5c2461f86d7a2bf59df0284aa0119ee320387d8 0	upstream/noderoom/docs/qa/state-captures/leftrail/default--dark--1860.png
100644 79b07980c62438114d31c0921016c7165e092cec 0	upstream/noderoom/docs/qa/state-captures/leftrail/file-hover--dark--1860.png
100644 2e15abef96fc9e33aaf67898d79b4cf19f24991b 0	upstream/noderoom/docs/qa/state-captures/leftrail/static-hover--dark--1860.png
100644 4f46b7def70d84973cac941c0ca0131b8377ca20 0	upstream/noderoom/docs/qa/state-captures/manifest.json
100644 0d23b8d2b64fa415564ee9b06b6d7a7008679c05 0	upstream/noderoom/docs/qa/state-captures/research/default--dark--1860.png
100644 e02b8e72a63360d0a51c84b3ea7c6a8102fdd51e 0	upstream/noderoom/docs/qa/state-captures/research/import-empty-error--dark--1860.png
100644 de58fbf9ba2b25e5f7ed57215fee0ec488c63a31 0	upstream/noderoom/docs/qa/state-captures/research/import-open--dark--1860.png
100644 938cd13f517f4d757054ff5276019773a354d160 0	upstream/noderoom/docs/qa/state-captures/sheet/cell-editing--dark--1860.png
100644 d0e51fd13575eef215c8d6a7d5e9aeda43125ffd 0	upstream/noderoom/docs/qa/state-captures/sheet/empty-cells--dark--1860.png
100644 4a3836de1b5244f1b58d545aca40e430c19eb895 0	upstream/noderoom/docs/qa/state-captures/sheet/proposal-accept-hover--dark--1860.png
100644 734bfc6b5e6955e7339b8b333e039be12494d049 0	upstream/noderoom/docs/qa/state-captures/sheet/proposal-pending--dark--1860.png
100644 5f873dd90384eec72413f5d38f72ba8f17418845 0	upstream/noderoom/docs/qa/state-captures/sheet/proposal-reject-hover--dark--1860.png
100644 5e8df516ca9266f1156a0d5f6705fbbef3f1b418 0	upstream/noderoom/docs/qa/state-captures/topbar/autoallow-off--dark--1860.png
100644 51e509394ca293f6806af624c465ce079f4e94f7 0	upstream/noderoom/docs/qa/state-captures/topbar/autoallow-on--dark--1860.png
100644 aab1ce0b0e6644a19825c723ffc20472b5e26589 0	upstream/noderoom/docs/qa/state-captures/topbar/default--dark--1860.png
100644 1dd8832975a6eff20d95187a1ec9f27fc1d85ec4 0	upstream/noderoom/docs/qa/state-captures/topbar/default--light--1860.png
100644 c04e8b85657e0a77309c2e60bf75e5d4a9acde40 0	upstream/noderoom/docs/qa/state-captures/topbar/roomcode-copied--dark--1860.png
100644 3d26956ea8b0ab266632f1d16e37b7f691ad0cd7 0	upstream/noderoom/docs/qa/state-captures/topbar/roomcode-hover--dark--1860.png
100644 096a8a8c7e339973e4ac2446b88cbdaf5d42ea1c 0	upstream/noderoom/docs/qa/state-captures/topbar/roomcode-rest--dark--1860.png
100644 f7f6f8cbee27710d711839dd5086e69e51fd801a 0	upstream/noderoom/docs/qa/state-judge/chat.json
100644 bf5e042476604a673f472e696b894a83e8a1d25e 0	upstream/noderoom/docs/qa/state-judge/landing.json
100644 9e586553b24115e1df9e307f108680f308e1ce67 0	upstream/noderoom/docs/qa/state-judge/leftrail.json
100644 5cffcbcd1f39133ecc0c72dfc115854030544af5 0	upstream/noderoom/docs/qa/state-judge/research.json
100644 ff13a6623c4cbd511237fd9091688c4953df9744 0	upstream/noderoom/docs/qa/state-judge/sheet.json
100644 0094382c935466c96f7e7b0d0ab9f103ac73b1ac 0	upstream/noderoom/docs/qa/state-judge/topbar.json
100644 4683e51453c813d4c2ecfa945f7eb2c153f688c3 0	upstream/noderoom/docs/qa/ui-issues/ux-chat-rail-static-chips.json
100644 6a048ba287bdf50fc556953b38e41bbdb51370f3 0	upstream/noderoom/docs/source-texts/accounting-profile-router-source.txt
100644 8978cdc2dd5ac1bf2d36051be042a5393b3e1922 0	upstream/noderoom/docs/source-texts/noderl-loop-engineering-source.txt
100644 f6d41d7cb03873d1310dcec686f9a6d89e250bd8 0	upstream/noderoom/e2e/always-on-landing.spec.ts
100644 150a2b8b6187b701267a64e8c5baa2d5b658e6ab 0	upstream/noderoom/e2e/always-on-room.spec.ts
100644 0e8609f6cab00689352caa650646e12e1cc20a7b 0	upstream/noderoom/e2e/benchmark-ui-bankertoolbench.spec.ts
100644 e2b247b6b3465a305016871371703e624254a48d 0	upstream/noderoom/e2e/benchmark-ui-spreadsheetbench-generic.spec.ts
100644 b9269df3b516bc6616c21ef5169bde3327a1cc23 0	upstream/noderoom/e2e/benchmark-ui-spreadsheetbench-v2.spec.ts
100644 4dd6c185eb4c0d7c1cb4bbb625af7e0dde371eda 0	upstream/noderoom/e2e/benchmark-ui-spreadsheetbench.spec.ts
100644 fd5c1f15610c7c6a0f2c8c2254773e57112a966f 0	upstream/noderoom/e2e/capture-previews.spec.ts
100644 10108f2e3e929574be9e9a9f1fd50fa0e0f815d8 0	upstream/noderoom/e2e/chat.spec.ts
100644 5ddab9cb4d65e3451267ca14a738ad2654275811 0	upstream/noderoom/e2e/credit-load.spec.ts
100644 a1af481d097b16c56be667053fec066d1dab3073 0	upstream/noderoom/e2e/decision-assistant.spec.ts
100644 2f8ea5fe6be3daaf128c360184247ebb1765abdb 0	upstream/noderoom/e2e/design-baseline.spec.ts
100644 48c0e0fb0dca6d0acc561622095f8e7be35f9f92 0	upstream/noderoom/e2e/design-baseline.spec.ts-snapshots/blank-room-chromium-linux.png
100644 48c0e0fb0dca6d0acc561622095f8e7be35f9f92 0	upstream/noderoom/e2e/design-baseline.spec.ts-snapshots/blank-room-chromium-win32.png
100644 72e5176d4e6fe8f7c4aa83bbede291bad72c8a01 0	upstream/noderoom/e2e/design-baseline.spec.ts-snapshots/demo-room-desktop-chromium-linux.png
100644 72e5176d4e6fe8f7c4aa83bbede291bad72c8a01 0	upstream/noderoom/e2e/design-baseline.spec.ts-snapshots/demo-room-desktop-chromium-win32.png
100644 4778a1223efc682b180f4cfd8c1786e0047d7fe3 0	upstream/noderoom/e2e/design-baseline.spec.ts-snapshots/demo-room-mobile-chromium-linux.png
100644 4778a1223efc682b180f4cfd8c1786e0047d7fe3 0	upstream/noderoom/e2e/design-baseline.spec.ts-snapshots/demo-room-mobile-chromium-win32.png
100644 9fbb8a28c71c2d4aeee91388568a58925018217a 0	upstream/noderoom/e2e/excel-grid.spec.ts
100644 7f03826a7567f6788643121c9d02f6e2c88e9d9d 0	upstream/noderoom/e2e/fixtures.ts
100644 ea69612eabfdb05f961353bf00a9e2393e603211 0	upstream/noderoom/e2e/focusMode.ts
100644 6b93a457fb78ce25f3ed2e14368d94da978d093c 0	upstream/noderoom/e2e/full-modern-ux-bar.spec.ts
100644 1a4f1e00f18c2e1d18ba35b3b4e1369744457ac9 0	upstream/noderoom/e2e/hackathon-loop-engineering.spec.ts
100644 b3e87dac7e858805e89b4a8edeab374a27508190 0	upstream/noderoom/e2e/human-agent-concurrency.spec.ts
100644 18e12f655597b58e14a7817fb0d5ff4b58c2dc6d 0	upstream/noderoom/e2e/intake-plan-preview.spec.ts
100644 22eb6252f2b4ab3833000aef79278138e774958b 0	upstream/noderoom/e2e/live-broad-convex.spec.ts
100644 67a1810eaf5ba4f90b9530a1a1584601f636d60b 0	upstream/noderoom/e2e/liveStarter.ts
100644 0ba37546afc11952266100f51106538533a79a98 0	upstream/noderoom/e2e/mention-typeahead.spec.ts
100644 7f3fe430e017e0414e424fa13e1e706e46596370 0	upstream/noderoom/e2e/mobile-story-surfaces.spec.ts
100644 86e7a37961ddde21dfc37ea26be920cbbc6fbd71 0	upstream/noderoom/e2e/motion-passive-video.spec.ts
100644 5d8849cca6882549b3e540458671a7ad28309b44 0	upstream/noderoom/e2e/nodemem-benchmark.spec.ts
100644 9e1b34074d71a612c5bba2624783633be887ea84 0	upstream/noderoom/e2e/nodemem-fairtest.spec.ts
100644 8c6ec21b4750f0d2cbe85afc56b8b396a9b0efc6 0	upstream/noderoom/e2e/nodemem-firstuser.spec.ts
100644 7aa05ab6b345e83cd3c88642f0e3204029901769 0	upstream/noderoom/e2e/nodemem-recall-benchmark.spec.ts
100644 a84938566ac26faf78650770c01cf2ae0c65c0ef 0	upstream/noderoom/e2e/nodemem/portfolioGraph.ts
100644 79b7df1c54799e6198d81bd01183077579b122cd 0	upstream/noderoom/e2e/notebook-agent-notes.spec.ts
100644 7afc35972eda15f803b3337584dbae338911d20b 0	upstream/noderoom/e2e/notebook-workplan-live.spec.ts
100644 1824368ce804ea20ac2b06a645dca70b22b3c278 0	upstream/noderoom/e2e/pdf-citation-box.spec.ts
100644 34161fe1927161fa2e90f8c3988b7c6d0ce25bd5 0	upstream/noderoom/e2e/privacy-job-wall-proposal.spec.ts
100644 db12d46bbf4ccd3244c9e9829783d46f9ab2c4c3 0	upstream/noderoom/e2e/public-nodeagent-real-room.spec.ts
100644 3bf35f35ee795148b2eff14d1ef863f716c0d91e 0	upstream/noderoom/e2e/reactivity.backend.spec.ts
100644 1954e11e90e4ec74f52866aee5bcfd39620de59b 0	upstream/noderoom/e2e/realtime-presence.spec.ts
100644 ac8620922633a004ff7a9f50825f804b8490176b 0	upstream/noderoom/e2e/responsive-qa.spec.ts
100644 fe53b95d6e89efe908861786ffa8540b46f0aa70 0	upstream/noderoom/e2e/room-home-tab.spec.ts
100644 2d1aba0d1b6b873957d8e623e90f7a66d868f8e7 0	upstream/noderoom/e2e/semantic-entity-graph.spec.ts
100644 b823cdbbfd8aa1ea875bb30ddf7106a1f7fefb77 0	upstream/noderoom/e2e/semantic-rebase.backend.spec.ts
100644 e3460de0a08062f600c653345a3bd260142090f2 0	upstream/noderoom/e2e/semantic-rebase.spec.ts
100644 9862d25eeb0b0bb8438f8bfb10728999bcf24f36 0	upstream/noderoom/e2e/sheet-presence-readability.spec.ts
100644 50aeae30f292f1cb097970c237bdb684e5519bae 0	upstream/noderoom/e2e/stage-focus.spec.ts
100644 e11242f198598e359e6062ace3b1ff5d8008118e 0	upstream/noderoom/e2e/state-captures.spec.ts
100644 0871c347bd57d80e41173216892cc6262eee3b09 0	upstream/noderoom/e2e/three-user-collab.spec.ts
100644 0afc47172910dfb00a62a15ceb559ea475a73b86 0	upstream/noderoom/e2e/tour.spec.ts
100644 dda7fb8c45c1864a807047c58f445f576ed0b4ac 0	upstream/noderoom/e2e/trace-tab.spec.ts
100644 55d51d5908bf1f790b4e0480c0da14702cd1e28c 0	upstream/noderoom/e2e/underwriting-hmda-live.spec.ts
100644 2272c4eea8bf386a65d06774595452a23f8cdd98 0	upstream/noderoom/e2e/unified-agent-stream.spec.ts
100644 9b4e90e4f78d46ac0236a3d1984b1e23121e6296 0	upstream/noderoom/e2e/uploaded-artifact-live-rendering.spec.ts
100644 f3e97d382a6f3aa92767a7d55338bb9857331210 0	upstream/noderoom/e2e/work-surface-split.spec.ts
100644 8cf27ae8b479d4c9fc60f7e08f0e93c117bcab85 0	upstream/noderoom/examples/nodeagent-frame-runner/README.md
100644 ec14d3708f3984431b58fa0e6ae8a6853e5361fc 0	upstream/noderoom/examples/nodeagent-frame-runner/minimal.ts
100644 9b0c773d71df35ff68c1fc1006902cb9a39dde68 0	upstream/noderoom/examples/omnigent/nodeagent-reviewer.yaml
100644 8b9464d6dde9e2887cdf0d2a118cfc28fef51386 0	upstream/noderoom/examples/omnigent/nodeagent-room.yaml
100644 1bfe2c2c0506183a0cd155344e194fd89cc71b36 0	upstream/noderoom/noderl/EXTRACTION.md
100644 e6ec10b2561a750c3a94d994534f3356590d04b6 0	upstream/noderoom/noderl/LICENSE
100644 743f9d8a7b33da4280cbe062edde791bcf858dd8 0	upstream/noderoom/noderl/MANIFEST.json
100644 9545a4183284580bd986cc1c5fcffe34fdfc8286 0	upstream/noderoom/noderl/README.md
100644 79135724f83c357d2b128f3a56731d8475d5da78 0	upstream/noderoom/noderl/SECURITY.md
100644 e5fd23d984a45ad87026199c3fdfcf0d57ef65c8 0	upstream/noderoom/noderl/docs/exists-vs-net-new.md
100644 8818fcb1429e2fa6ee30fd1b13ab13b461278037 0	upstream/noderoom/noderl/docs/thesis.md
100644 b9a3695f3b22992ca3d05351e8b61aa118d08066 0	upstream/noderoom/noderl/examples/btb-one-task-proven/README.md
100644 e888326516118256bf75ea258fd5840106d8619d 0	upstream/noderoom/noderl/package.json
100644 faa99acefa1dc25f86ec82532939bc86cc90e4b0 0	upstream/noderoom/noderl/packages/nodeeval/README.md
100644 43a19d4c2ba715795511ba09e4fda6e499319cbd 0	upstream/noderoom/noderl/packages/nodeeval/package.json
100644 42809bc3c70b21c382bfe2af9cd95b7362dc9bce 0	upstream/noderoom/noderl/packages/nodeeval/src/.gitkeep
100644 1fb1743a76c366377db71fc9b494832e6e5790f9 0	upstream/noderoom/noderl/packages/nodeeval/src/bankerToolBenchEvalLedger.ts
100644 eb280429c92dde9a42783e2f2c29ee36126bb1c6 0	upstream/noderoom/noderl/packages/nodeeval/src/bankerToolBenchFullSuiteGate.ts
100644 ba8e115e35a799aad557e3a56cb39a46605ed1c8 0	upstream/noderoom/noderl/packages/nodeeval/src/bankerToolBenchLiveSuiteGate.ts
100644 9ff715bb1d579999fbebedd58acad46d65653093 0	upstream/noderoom/noderl/packages/nodemem/README.md
100644 a68fc9798327543fd7eb493760d90c7aafab847f 0	upstream/noderoom/noderl/packages/nodemem/package.json
100644 42809bc3c70b21c382bfe2af9cd95b7362dc9bce 0	upstream/noderoom/noderl/packages/nodemem/src/.gitkeep
100644 3395a0c51b493a1fe65be33541a950cace145d34 0	upstream/noderoom/noderl/packages/nodemem/src/core/classifier.ts
100644 330f3ae9ea2870527abae6638bcad186c77f309c 0	upstream/noderoom/noderl/packages/nodemem/src/core/memoryCompiler.ts
100644 6453e4ea0344852b2cce2a9fca4e8998674c49f1 0	upstream/noderoom/noderl/packages/nodemem/src/core/retrievalPlanner.ts
100644 005893b6814afcf180cd6035d62380dd7aabb3f5 0	upstream/noderoom/noderl/packages/nodemem/src/core/types.ts
100644 ab84072af64614a2dec82ba0a722ce1386cdd85b 0	upstream/noderoom/noderl/packages/nodemem/src/failureMemory.ts
100644 5897179aa201ebe7fd4fe4bcf0d1c2dcc7be0034 0	upstream/noderoom/noderl/packages/nodetrace/README.md
100644 077520bf0b0ec2f17caa3327146fec14560dcaba 0	upstream/noderoom/noderl/packages/nodetrace/package.json
100644 42809bc3c70b21c382bfe2af9cd95b7362dc9bce 0	upstream/noderoom/noderl/packages/nodetrace/src/.gitkeep
100644 feaa3dbf05cf904eb0185863247e0531b6798889 0	upstream/noderoom/noderl/packages/nodetrace/src/guards.ts
100644 fa3d8f00082db5beaf7fd114079a8bbed584a5c8 0	upstream/noderoom/noderl/packages/nodetrace/src/index.ts
100644 011887104949c534e5c60b719ed4a94e37074523 0	upstream/noderoom/noderl/packages/nodetrace/src/pdfBox.ts
100644 ec0960fa24d1292378d86e34cd1ce7bc5e8354bc 0	upstream/noderoom/noderl/packages/nodetrace/src/pipeline.ts
100644 8b3514928ae48b5a98a915ff1202f563f84e5617 0	upstream/noderoom/noderl/packages/nodetrace/src/reasoning.ts
100644 4ac11026d08a793da70357290a87bb3beed9130a 0	upstream/noderoom/noderl/packages/nodetrace/src/secFacts.ts
100644 5ef7c35cfec5a16eac7246d16603f93903d0edd1 0	upstream/noderoom/noderl/packages/nodetrace/src/substrate/browserbase.ts
100644 b055ac9e41269618570d2cd80adaf4dc248bf848 0	upstream/noderoom/noderl/packages/nodetrace/src/substrate/firecrawl.ts
100644 e76742efa0a8c361e9ce7b8d0d622a5b029b6a5d 0	upstream/noderoom/noderl/packages/nodetrace/src/substrate/index.ts
100644 4023b9b9c0def46f1e3beada268cf6f979c7638c 0	upstream/noderoom/noderl/packages/nodetrace/src/types.ts
100644 57ab90964fb2de79d811c542dfaf38fb655d3389 0	upstream/noderoom/noderl/scripts/extract-from-noderoom.mjs
100644 8b3384de4b782421c060cae2214b93bc459988dd 0	upstream/noderoom/noderl/spec/anti-cheat-doctrine.md
100644 e7de05f53dac5d2af7f884d4de712e36a24632c6 0	upstream/noderoom/noderl/spec/anti-reward-hacking-doctrine.md
100644 65afc6225d27de93b24930063a2dcd7c8444854a 0	upstream/noderoom/noderl/spec/proof-receipt-contract.md
100644 25b3b9ebbf00ed7ab9f40ec5bdd79a1744cf90b0 0	upstream/noderoom/noderl/spec/reward-design.md
100644 5201f9bf9072d7e851f3f63b916b30220a7c3195 0	upstream/noderoom/noderl/spec/trajectory-schema.md
100644 d823cfdbe2944c8bc18ad0b18d5fa641de639842 0	upstream/noderoom/noderl/tsconfig.packages.json
100644 5588ae182ba8642c163a24a6eb123eb094e9bb40 0	upstream/noderoom/package.json
100644 7f6c8edc8de08e4182a4b1eeea194da609bc23e4 0	upstream/noderoom/playwright.benchmark.config.ts
100644 ebc70aaf5c2aef67646644adc819001b9a031cef 0	upstream/noderoom/playwright.config.ts
100644 11673151248c2d01f5b41fc58491efacad9098d7 0	upstream/noderoom/playwright.proofloop.config.ts
100644 ff763ee8b21dee9b6b63d9bc9fc8902ae0cf7127 0	upstream/noderoom/playwright.real-flow.config.ts
100644 2b4575020590193f68a68c41b808c05b260681ce 0	upstream/noderoom/proofloop/accounting/benchmarks/benchmark-registry.json
100644 1d3ffa8089f3ae330132f577dddfee5920c1529d 0	upstream/noderoom/proofloop/accounting/datasets/dataset-registry.json
100644 cdd892f06c91570533b30a1e7b2ed1b2e3f3c35c 0	upstream/noderoom/proofloop/accounting/datasets/financial-statements.json
100644 9de60b81e87e79b011f4549deb51bccde3a67c2a 0	upstream/noderoom/proofloop/accounting/datasets/invoices.json
100644 1df45dc8a97464b1f886afc46a9944e93176a919 0	upstream/noderoom/proofloop/accounting/datasets/reconciliation.json
100644 e9c4519203b14c4edb2b1c085b6345a5ad6e636b 0	upstream/noderoom/proofloop/accounting/datasets/variance.json
100644 55da1ae482e2e2b210d436df9d84287c7cbf48eb 0	upstream/noderoom/proofloop/accounting/live.accounting.config.json
100644 222ab68a32da4fa46cf8fa218ad087a95643a5d7 0	upstream/noderoom/proofloop/accounting/proofloop.accounting.config.json
100644 2d48afa333dfb3a34bb588669a069db1c785fd93 0	upstream/noderoom/proofloop/accounting/rubrics/accounting-rubric.yaml
100644 66b92cd113a8d9e01a773640624c107b54b76849 0	upstream/noderoom/proofloop/accounting/run-benchmarks.ts
100644 925b10c23c7f5f9e1d39649986dde4ea5f0db28e 0	upstream/noderoom/proofloop/accounting/scenarios/accounting-ui-contract.spec.ts
100644 21f6a51e8bbeb221abb440234740c7c2fdd9b3fd 0	upstream/noderoom/proofloop/accounting/scenarios/financial-statement-qa.yaml
100644 77f94972562033ef4d623696235747d71ef3e524 0	upstream/noderoom/proofloop/accounting/scenarios/fr-a1-bank-reconciliation.spec.ts
100644 104ee31c851d21cbacd8e44a755e675fef5729d4 0	upstream/noderoom/proofloop/accounting/scenarios/invoice-extraction.yaml
100644 00742136372a476dd245cec702a549fb6d2e8d66 0	upstream/noderoom/proofloop/accounting/scenarios/nodebench-accounting-report.spec.ts
100644 e868a2e0fc692e75ea56fcf68667802a28c0eebf 0	upstream/noderoom/proofloop/accounting/scenarios/noderoom-accounting.spec.ts
100644 a0a70cc997330fb0168b56de26667bf6b2427e9e 0	upstream/noderoom/proofloop/accounting/scenarios/spreadsheet-reconciliation.yaml
100644 2771c5bf94bce1d04934bc4d8e39325415001d91 0	upstream/noderoom/proofloop/accounting/scenarios/variance-analysis.yaml
100644 4c86cc68e787c7c0b74662cfb9fd4166098ab7b2 0	upstream/noderoom/proofloop/accounting/seed-datasets.ts
100644 02ef59699faba7641f682edfe00fbf64334300cf 0	upstream/noderoom/proofloop/adapters/export-rl-trace.ts
100644 08a7fb1f110c83cd39fa6ad2493a9754f24d25c8 0	upstream/noderoom/proofloop/adapters/generate-clips.mjs
100644 3fe832360e252121a8539b7f7632fe85757662ad 0	upstream/noderoom/proofloop/adapters/generate-clips.ts
100644 01eaf440d701c24cd16966df5a53e339e17e2a9b 0	upstream/noderoom/proofloop/adapters/model-delta.mjs
100644 78491242c0bcb43eca0db211be7ea6b0c814f294 0	upstream/noderoom/proofloop/adapters/node-eval.mjs
100644 729f9c1a86cb248a70f5d361ae3342625d33edc1 0	upstream/noderoom/proofloop/adapters/node-trace-v2-export.mjs
100644 07fcb691e0b4a20bfe9343f7a00912f209f0d480 0	upstream/noderoom/proofloop/adapters/nodemem-write.mjs
100644 8feb6f07daa64e1c8c1d07a72bf75f43d86e5a0a 0	upstream/noderoom/proofloop/adapters/noderoom/selectors.ts
100644 4fc156f400cbdd4a562c13a6546d61203d959e10 0	upstream/noderoom/proofloop/adapters/proximitty-utils.mjs
100644 fabb3b5d1d9b505a91a9d22871a1636e70cad659 0	upstream/noderoom/proofloop/adapters/visual-judge.ts
100644 534c28fe3c2fc0534c7c056df5345eb4909fd504 0	upstream/noderoom/proofloop/benchmarks/README.md
100644 06f8e4b09949cc3c6d29531f3c1169b6b93cb159 0	upstream/noderoom/proofloop/benchmarks/bankertoolbench/adapter.json
100644 82e2360f43dc46f54a18636fc3f6d35df0c754b5 0	upstream/noderoom/proofloop/benchmarks/common/browser-scenario.ts
100644 27e7b580986f386bf46fee4e5562240b0823aad4 0	upstream/noderoom/proofloop/benchmarks/common/live-room-scenario.spec.ts
100644 ace93ff931685aee67a5db7d98c3c878d3f65cee 0	upstream/noderoom/proofloop/benchmarks/common/local-tasks.ts
100644 7a79ca5c3bc014e08dcd469d81917cc1e852f3a7 0	upstream/noderoom/proofloop/benchmarks/finauditing/adapter.json
100644 2c9a658652bf74363553b49127239b793077cbf7 0	upstream/noderoom/proofloop/benchmarks/finauditing/browser-scenario.spec.ts
100644 d27ebb721b6d629473a7d728c7169dd0397432e8 0	upstream/noderoom/proofloop/benchmarks/finauditing/load-tasks.ts
100644 cbee3393645ada5181fd522ee98114c1538d8843 0	upstream/noderoom/proofloop/benchmarks/finch/adapter.json
100644 f3dff7c854e6af7b912eb71f96b5cbde2b90a3b9 0	upstream/noderoom/proofloop/benchmarks/finch/browser-scenario.spec.ts
100644 054ea1f6d5c75db22430667b654b7390e0426052 0	upstream/noderoom/proofloop/benchmarks/finch/load-tasks.ts
100644 f72a747100ed67fd1b1e13360bfc36328f279727 0	upstream/noderoom/proofloop/benchmarks/internal/liveRoomUtils.ts
100644 751bbef6353a1e1c97912e33d039d66f7eee0122 0	upstream/noderoom/proofloop/benchmarks/noderoom-multi-user/live-room-scenario.spec.ts
100644 938c2b07e6d1d754f4130d0ba39bf6e9001e2ebe 0	upstream/noderoom/proofloop/benchmarks/proximitty/live-room-scenario.spec.ts
100644 448aea749db0aac24034b357a68b0542bdf0fa46 0	upstream/noderoom/proofloop/benchmarks/workstreambench/adapter.json
100644 1c1852c97a1d11a18b276d5db5712f4a9a217032 0	upstream/noderoom/proofloop/benchmarks/workstreambench/browser-scenario.spec.ts
100644 abc163c8191e62caeb7378c5b66fe275a99632c2 0	upstream/noderoom/proofloop/benchmarks/workstreambench/load-tasks.ts
100644 238d99515ded6052197bb4d66e03f9285cc68c63 0	upstream/noderoom/proofloop/cockpit/overlay.js
100644 583e2ebc9ea9c9cc89df421326d178640f9aa30c 0	upstream/noderoom/proofloop/cockpit/playwrightOverlay.ts
100644 5a85391ee734974394afab36229c7087c733ca97 0	upstream/noderoom/proofloop/cockpit/server.mjs
100644 7ceb04cd29e62947817e969d49b90d463f8865ee 0	upstream/noderoom/proofloop/cockpit/style.css
100644 40021b52f2cab2944197014a44dc554b87af7872 0	upstream/noderoom/proofloop/datasets/proximitty-demo-underwriting/company-profile.json
100644 c67e60d8d49dff7b874c1ba0b185c1e12a4c081d 0	upstream/noderoom/proofloop/datasets/proximitty-demo-underwriting/risk-notes.md
100644 76fb169a3036bb38af332c6f3ddeed7c72653f94 0	upstream/noderoom/proofloop/datasets/proximitty-demo-underwriting/source-pack.md
100644 ba6efa31a8ca5260c3781b46c84d2d0c552d4db6 0	upstream/noderoom/proofloop/datasets/proximitty-demo-underwriting/synthetic-financials.csv
100644 79e7c13abbd28c53c44507a9cd863e084a3e33ff 0	upstream/noderoom/proofloop/datasets/proximitty-demo-underwriting/underwriting-policy.md
100644 704fd405d44ea370500a3d1e78173ebb96e4601f 0	upstream/noderoom/proofloop/datasets/sec-xbrl/benchmark.json
100644 6e8f475c46f7563943df85d0d8587e40d1a02465 0	upstream/noderoom/proofloop/datasets/sec-xbrl/fixtures.json
100644 d2be8aa16eb2fd660aa089e20ea60d025d644e1e 0	upstream/noderoom/proofloop/live-browser-proof.spec.ts
100644 c01ef2d79df06d4189494855feab61f1d079dcdb 0	upstream/noderoom/proofloop/notion/data/dataset-registry.json
100644 9be9cdab830579789bb2e16632e349540f01760b 0	upstream/noderoom/proofloop/notion/data/discovery-call-notes.json
100644 8462e1aa72a04ebe815bf0ef0f0059834d880589 0	upstream/noderoom/proofloop/notion/data/leads.json
100644 19e41d8dca45212be619eb91f519fdc91c524885 0	upstream/noderoom/proofloop/notion/data/meetings.json
100644 50efc4d4218febcc798780125e8cdcaf544e4f23 0	upstream/noderoom/proofloop/notion/data/pipeline.json
100644 98ca806b1a5d15a4aa75809a0a4573e18c83dc48 0	upstream/noderoom/proofloop/notion/live.notion.config.json
100644 1e1bd50de75416a5588cc5d5bd75e5bd3fbcd2df 0	upstream/noderoom/proofloop/notion/proofloop.notion.config.json
100644 6c6e6b8d239912c053fd3762e4a7a7ccbdb4016d 0	upstream/noderoom/proofloop/notion/rubrics/sales-agent-rubric.yaml
100644 0d84b811b68115f886ac7291d433dbd5b0b92d3c 0	upstream/noderoom/proofloop/notion/scenarios/01-warm-intro.spec.ts
100644 5baf28143a762c36e85623100f800b80dedd731c 0	upstream/noderoom/proofloop/notion/scenarios/01-warm-intro.yaml
100644 44fff3cccd298cbab4546512278eea1e3eb6d14b 0	upstream/noderoom/proofloop/notion/scenarios/02-follow-up.spec.ts
100644 fd262cb0d45cc9d10862b7137584e7c4ee5f8ff4 0	upstream/noderoom/proofloop/notion/scenarios/02-follow-up.yaml
100644 1bd23e3d54406d53038e7a63d1a1b252dc3f76aa 0	upstream/noderoom/proofloop/notion/scenarios/03-automated-pipeline.spec.ts
100644 d4e8a59b320a00583c83b10b9c00b6e556e9031d 0	upstream/noderoom/proofloop/notion/scenarios/03-automated-pipeline.yaml
100644 9ce9eaea7e9b4465a90b152ccb22285c7a6ef8fa 0	upstream/noderoom/proofloop/notion/scenarios/04-meeting-prep.spec.ts
100644 4795494f9e33b1bd5854b51e1dfedf705a9fef37 0	upstream/noderoom/proofloop/notion/scenarios/04-meeting-prep.yaml
100644 d61cee78d10af475a213dca0a59bf6335650560c 0	upstream/noderoom/proofloop/notion/seed-datasets.ts
100644 fe51488c7066f6687ef680d6bfaa4f7768ef205c 0	upstream/noderoom/proofloop/regressions/promoted-regressions.json
100644 d592a48b38bfe7d7884343b52f9b1bac98830934 0	upstream/noderoom/proofloop/rubrics/behavioral.yaml
100644 5a0d555bd128d6f2467483b31909695a645f38a1 0	upstream/noderoom/proofloop/rubrics/evidence-rubric.yaml
100644 eebe0119056c825531e46cd8b7979e714583b0ba 0	upstream/noderoom/proofloop/rubrics/live-user-contract.yaml
100644 17d0ac55c67d013917d93ee7dd57bde3cba8dae9 0	upstream/noderoom/proofloop/rubrics/scaffold-rubric.yaml
100644 208a34bb56998939dfbf0f9773b0c90e0ff2e5a4 0	upstream/noderoom/proofloop/rubrics/underwriting-rubric.yaml
100644 1707dd0fe8b580003f83026116aed6d3caf9f7b0 0	upstream/noderoom/proofloop/rubrics/visual-design-rubric.yaml
100644 d05b0ec03e851bd781f40c2e8f7e657eb843d4c5 0	upstream/noderoom/proofloop/scaffold/current.md
100644 daf25fb42b64e78894ebcbca5a86175d02d7969f 0	upstream/noderoom/proofloop/scenarios/proximitty-intake.spec.ts
100644 e87cc0544c5625f6c7de3d06e02a848f36f5f8b6 0	upstream/noderoom/proofloop/scenarios/proximitty-model-comparison.spec.ts
100644 44ba5583e8f8805929988fe3e7d6114cc627dc18 0	upstream/noderoom/proofloop/scenarios/proximitty-risk-research.spec.ts
100644 bc7cf6090d741b9102dcb8cdae44f7a341573879 0	upstream/noderoom/proofloop/scenarios/proximitty-underwriting-packet.spec.ts
100644 21e3d2d68e2458c2d64341c9b7fe8b3210d6b934 0	upstream/noderoom/proofloop/scenarios/proximittyHarness.ts
100644 13110054e147edca95e6f5bb2e32b278ae718d49 0	upstream/noderoom/proofloop/storybook/trace-storybook.html
100644 89b4440366728a7cb86eb7123e5b45a7e1f44526 0	upstream/noderoom/proofloop/suites/proximitty-underwriting-pr0.json
100644 a944cec15e097e8e2f8656cb243bc0b1d8d8fb7b 0	upstream/noderoom/proofloop/templates/github-proofloop-gate.yml
100644 d8fd2b8dd9b76d83bd41a12afc1deee8e0b1c753 0	upstream/noderoom/proofloop/workflows/primary.workflow.yaml
100644 b9167cdf7d4aaf70ce118a39c0b174f13ed998ef 0	upstream/noderoom/scripts/agent-workspace-sandbox-smoke.ts
100644 6828c4515fdb857145a6ae6db3054772c2efeb64 0	upstream/noderoom/scripts/algorithm-artifact-smoke.ts
100644 37234893b6592f93ee52f8b39b50f0eb59ccff54 0	upstream/noderoom/scripts/bankertoolbench-d-disk-env.ps1
100644 6f840ddf3f7ba327a9887092a128b234daf2044a 0	upstream/noderoom/scripts/bankertoolbench-fullsuite-gate.ts
100644 223e45aa85fbe2b9f9a7fbd138693ab80934f9fc 0	upstream/noderoom/scripts/bankertoolbench-ingest.ts
100644 ddb8ddbbb444748da1b484b164fbe66b14e6a83d 0	upstream/noderoom/scripts/bankertoolbench-ledger-ingest.ts
100644 3c771acd775e0ef038cbb81e6226f2f9731a14c3 0	upstream/noderoom/scripts/bankertoolbench-livesuite-gate.ts
100644 8e6be6d4347a967766ed1fdf5ac7a3507e84c543 0	upstream/noderoom/scripts/bankertoolbench-manifest-lock.ts
100644 e5f5b2ec0df88bedefac4746020696fc534d4099 0	upstream/noderoom/scripts/bankertoolbench-nodeagent-clean-parallel.ps1
100644 1f904e06c193258da11bd185f362699d0b4d0b58 0	upstream/noderoom/scripts/bankertoolbench-nodeagent-clean-sequential.mjs
100644 8dcf39af078ff842cc0941f96b4596b2df473742 0	upstream/noderoom/scripts/bankertoolbench-nodeagent-full-sweep.ps1
100644 c1d3bf039baf61b6c04c2306f5a8d988effd2942 0	upstream/noderoom/scripts/bankertoolbench-nodeagent-parallel.ps1
100644 96a7ab412d23cee96142cd376a82bbeac81c70e0 0	upstream/noderoom/scripts/bankertoolbench-nodeagent-smoke-runner.ts
100644 c1e5cc0e63e7d5b98d2555c0cb8ad7c1a0425518 0	upstream/noderoom/scripts/bankertoolbench-normalize-shell-scripts.ps1
100644 9c83d2357ed014081a64ffea09bbaf3cb9fbbdd0 0	upstream/noderoom/scripts/bankertoolbench-official-contract.ts
100644 88cb2e17def6c5dba9b0c608d449cd6f1e6665bf 0	upstream/noderoom/scripts/bankertoolbench-proof-check.ts
100644 f7607ece03d5f1f67bc7830139feaefef265e69c 0	upstream/noderoom/scripts/bankertoolbench-read-verifier-info.mjs
100644 6a9ee86f9e9ae0087b6764e4a4e3bceb2f56db8d 0	upstream/noderoom/scripts/bankertoolbench-run.ts
100644 e6cccfdfd55dd45348337336d02d6cc35aaee578 0	upstream/noderoom/scripts/bankertoolbench-stage.ts
100644 4debf22f0d9a55576c294c778e6fd01c23f3ba37 0	upstream/noderoom/scripts/benchmark-contamination-check.ts
100644 729cd33add31ada9eb4056736d13e9346d372b5f 0	upstream/noderoom/scripts/benchmark/charts.ts
100644 b6f24025c0ea4eab7151ef6a79fb1290f786214b 0	upstream/noderoom/scripts/benchmark/harness.ts
100644 6fb80890839a66f406a3fead5f1dacf09548ac08 0	upstream/noderoom/scripts/benchmark/loadEnv.ts
100644 b298157b669760f19e0e9d6d890e931cd4b5390b 0	upstream/noderoom/scripts/benchmark/modelEvalConfig.ts
100644 8bd2755a131dcf949861850c79c208b8faa165fc 0	upstream/noderoom/scripts/benchmark/probe.ts
100644 75970ceae0fc44ff7ed9127d80d505ffffc2f13b 0	upstream/noderoom/scripts/benchmark/researchTools.ts
100644 cdb5809343c19095f8b0504b6b240d4f12ecb91b 0	upstream/noderoom/scripts/benchmark/run.ts
100644 108649d60b862183cdfddfda9a73232c54c23140 0	upstream/noderoom/scripts/credit-actuarial-data-sources-proof.ts
100644 e2891f73cbbd20f79c883ee16e2c8a96cdfc4ce3 0	upstream/noderoom/scripts/finance-model-eval.ts
100644 955c800363dbe4d172bd60372381bfbd639225ec 0	upstream/noderoom/scripts/fresh-room-proof-registry.ts
100644 586cf3da89b9e6224bdf5fbd545f8bcb5d8617f1 0	upstream/noderoom/scripts/fresh-room-proof-verify.ts
100644 ed6c8a4482f7700bae0a59db874171d2684dea12 0	upstream/noderoom/scripts/gemini-mp4-workflow-review.ts
100644 4655a331b83afa9e8f20990342e28517da3592a4 0	upstream/noderoom/scripts/live-product-gate.ts
100644 b63840662427ad96f2822329253c8ab7b088a595 0	upstream/noderoom/scripts/live-proofloop-runner.ts
100644 fed123815865df64d42d2f3d44f5c83a3aa02f63 0	upstream/noderoom/scripts/model-eval-matrix.ts
100644 0ceeb66595a6d3877955c1ac086600da1615d006 0	upstream/noderoom/scripts/nodeagent-frame-smoke.ts
100644 05d2e7fd40a069ceb37eac6e6fad53974044f451 0	upstream/noderoom/scripts/nodeagent-ingestion-orchestrator-smoke.ts
100644 d476b065c4b82c687874aea87fdac4a09cae2306 0	upstream/noderoom/scripts/official-benchmark-readiness.ts
100644 46ba2692c417fa56cf9377965f41511d9fcc8431 0	upstream/noderoom/scripts/official-benchmark-task-coverage.ts
100644 f8d9f3e5fed78e77a21face533f130b57eb172f1 0	upstream/noderoom/scripts/official-benchmark-ui-coverage.ts
100644 56ae00bfeaf6f0f5a97984df89330535be90c88c 0	upstream/noderoom/scripts/omnigent-nodeagent-smoke.ts
100644 fd59da44f3eb4cc9980ea63d8a0b995ff31374b8 0	upstream/noderoom/scripts/openrouter-convex-benchmark.ts
100644 7633768375fa2097b9a163d9353e9fe6389a5c96 0	upstream/noderoom/scripts/proofloop-adapter-blockers.ts
100644 539d832129977d901bedf4db6089d4e261adba17 0	upstream/noderoom/scripts/proofloop-benchmark-board.ts
100644 c25889834e593b235f3171a27f292e5e0f8ffcd3 0	upstream/noderoom/scripts/proofloop-buyer-validation.ts
100644 b1531faafb36d5f2863b00ba45a880ccc18259cb 0	upstream/noderoom/scripts/proofloop-charts.ts
100644 66e569b17fcab7d15430b5776992a0804cd149bb 0	upstream/noderoom/scripts/proofloop-cli.ts
100644 79d165b8bef06960df01cc036aab180353dc3b71 0	upstream/noderoom/scripts/proofloop-collect-live-artifacts.ts
100644 06fcb73afb55234c5cc97379e668504aac7b352c 0	upstream/noderoom/scripts/proofloop-company-task-coverage.ts
100644 32f67700e0564e232ca508b3d4dcf5c1685aa330 0	upstream/noderoom/scripts/proofloop-external-adapter-live-room-run.ts
100644 fba370b80290f7834f76da3b074354d4b190d9ec 0	upstream/noderoom/scripts/proofloop-external-adapter-run.ts
100644 3f5be9469c3604b25229bf392081c4f310f69dce 0	upstream/noderoom/scripts/proofloop-free-model-gauge.ts
100644 e855809e9a5d00ad1bd5a820e0c341ed31a1227a 0	upstream/noderoom/scripts/proofloop-full-proxy-benchmark-sweep.ts
100644 76fe2083c466b882aa8e9b9088f44d2fec514e24 0	upstream/noderoom/scripts/proofloop-harness-economics.ts
100644 8473c5eaf1c84ef3575cf05c8e0d0aa632425990 0	upstream/noderoom/scripts/proofloop-live-playwright.ts
100644 aec83c32f7d8bc37f7b110ecb4669c812693f1b5 0	upstream/noderoom/scripts/proofloop-memory.mjs
100644 9095e0fb19c3df795a898f4eba7621b2ad033a91 0	upstream/noderoom/scripts/proofloop-normalized-benchmarks.ts
100644 e9d65ff50cdd191d3b3f4a3c0f39c3a3bbc9887b 0	upstream/noderoom/scripts/proofloop-npx-package-proof.ts
100644 144ecebad85aeb008e15f770f498266fd944b05a 0	upstream/noderoom/scripts/proofloop-official-outputs.ts
100644 854ecd024ac92f3409b2075a9de76a9f1eaa7909 0	upstream/noderoom/scripts/proofloop-orchestrator.ts
100644 72a1f36fa73d9297b67bc76bc8fbdbbd3c9e9d4e 0	upstream/noderoom/scripts/proofloop-package.ts
100644 20799a41b305180c14600c5c26081f747ac1372a 0	upstream/noderoom/scripts/proofloop-preprod-readiness.ts
100644 0a75ff4c0e7fefbffd7d8b6122a04463ec0671dc 0	upstream/noderoom/scripts/proofloop-prod-browser-adapters.ts
100644 0636eadb21ad56b2fe92a0a5d773ef3993388cb2 0	upstream/noderoom/scripts/proofloop-prod-proxy-benchmark-matrix.ts
100644 29c9aa547166fda05ec0556cde0b2131aee93219 0	upstream/noderoom/scripts/proofloop-prod-proxy-longrun.ts
100644 d30a294630f04b22976610ed6a64491d31d23b8e 0	upstream/noderoom/scripts/proofloop-proxy-model-sweep.ts
100644 5e610d9a155ad7f3634352d257a75b4ff4def4e5 0	upstream/noderoom/scripts/proofloop-runner.ts
100644 19058f067b5866ac52c6249a1e56e0160b8707fb 0	upstream/noderoom/scripts/proofloop-standalone-runner-plan.ts
100644 ce1e7bff3ebd8d5df60938a61c5a315d7bd19881 0	upstream/noderoom/scripts/proofloop.mjs
100644 0e07cf5718e61f2b451fd104b6fc11a3a0e29f5e 0	upstream/noderoom/scripts/qa-matrix.ts
100644 489c186df4a0a1d99b7bc84cceb24e8c35395a06 0	upstream/noderoom/scripts/render-workflow-preview.ts
100644 a76417cbbed4a0483c8e197c6f8fb07358f2e409 0	upstream/noderoom/scripts/security-gate.ts
100644 2b3150b65f2de2d567335f68c360e9f926cb0d24 0	upstream/noderoom/scripts/simulate-credits.ts
100644 316820ee423cdc838bbebab1858d52b8671fd6f6 0	upstream/noderoom/scripts/slo-gate.ts
100644 37fad1e12f83a5663bfcfdbcb0944d8095f2a102 0	upstream/noderoom/scripts/spreadsheetbench-chart-visual-grade.ts
100644 67f3f4007939183f803e0853d1ee07699c4b7c25 0	upstream/noderoom/scripts/spreadsheetbench-chart-visual-probe.ts
100644 1e6323a6abbf8bf0c30a0161897f05244325062c 0	upstream/noderoom/scripts/spreadsheetbench-ingest.ts
100644 7b37a9279e3c2442ca581ad924c4db662afb28b6 0	upstream/noderoom/scripts/spreadsheetbench-proof-check.ts
100644 ef4d85ddd90c090ab17f3f603257f9ff961f1bef 0	upstream/noderoom/scripts/spreadsheetbench-route-selection.ts
100644 f0499732eb4d50f3f8de3e7f114b70cb5082ed1e 0	upstream/noderoom/scripts/spreadsheetbench-run-chunked.ts
100644 7f0c8d043d7d047549d9f571b3fb11f4c888aefa 0	upstream/noderoom/scripts/spreadsheetbench-run.ts
100644 5f6b990bba70c6dde570820a2170fbb8651ee541 0	upstream/noderoom/scripts/spreadsheetbench-score.ts
100644 58af512e1314dbd361c6a263ceea4404802bfcc4 0	upstream/noderoom/scripts/spreadsheetbench-stage-proof-check.ts
100644 47db684255d1e9faf5b9ed0f757ddad876629f61 0	upstream/noderoom/scripts/spreadsheetbench-stage.ts
100644 efde9dac21447d64ed452d63b97f6d1e4fd389f5 0	upstream/noderoom/scripts/startup-diligence-live-eval.ts
100644 5489b3433c34f2f43feb865cc2c45165004e02d5 0	upstream/noderoom/scripts/startup-diligence-provider-eval.ts
100644 0635761206b5ebf295e757e9e9e26a948d1f3a22 0	upstream/noderoom/scripts/voice-free-audio-proofloop.ts
100644 5f23b1e500ab2cf5b3ced1865df303995db2196a 0	upstream/noderoom/scripts/workflow-preview/capture.ts
100644 aa3e0d895daa485e0f7ab27a58c57bf1660ceb74 0	upstream/noderoom/scripts/workflow-preview/replayer.html
100644 a2b5686f2cc41b1ccc32e83066edbe6e9ffd6f47 0	upstream/noderoom/src/accessibility/focusManagement.ts
100644 454bedd09e022ed6eedccea123fce3efb9323281 0	upstream/noderoom/src/accessibility/keyboardGrid.ts
100644 5375c3ae8e2baf67e8690c2c8a0359657039cf81 0	upstream/noderoom/src/accessibility/liveRegion.tsx
100644 610029c5470c98654e874766a6475e6d9f706940 0	upstream/noderoom/src/accessibility/reducedMotion.ts
100644 57d4c7d050eb29935647553bf9d88cf7d21d0fcd 0	upstream/noderoom/src/alwayson/AoIcon.tsx
100644 8940298682af66d1103a5a682ba0eab28a7c3364 0	upstream/noderoom/src/alwayson/OpsPanel.tsx
100644 e3fea967f50c7e731a1c73c3de09e018b5f895f7 0	upstream/noderoom/src/alwayson/PublicRoomPage.tsx
100644 0a20ad7db00017d5e49edb71da20787eaff21440 0	upstream/noderoom/src/alwayson/SubscribeModal.tsx
100644 8e33948bb297eedaec6fee00f56b9821cc5ad030 0	upstream/noderoom/src/alwayson/alwayson.css
100644 6acaa205894beaa5418f335c312d3c0837bbbe48 0	upstream/noderoom/src/alwayson/demoData.ts
100644 8f6a55ee68300f399cddc53c6cdc1f32c112bcfe 0	upstream/noderoom/src/alwayson/usePublicRoomData.ts
100644 fb627d5f85b04d84674fbb18fd8f92255a1caab7 0	upstream/noderoom/src/app/ErrorBoundary.tsx
100644 2c94d8909ac6eb7496e9500091bbb80727d54bf7 0	upstream/noderoom/src/app/bankerToolBenchRoomSeed.ts
100644 92c883a8ef2321cffc993935d7b6b6748c1188f6 0	upstream/noderoom/src/app/documentParserPlan.ts
100644 e7678b80891d171c2553ef18761f1d77f119951e 0	upstream/noderoom/src/app/hackwithBayRoomSeed.ts
100644 266777c737684a2e5bf75fab3eaae3742a2f21dd 0	upstream/noderoom/src/app/liteparseAdapter.ts
100644 7032c2136cdb3ed4da30cf98328ac4817203b917 0	upstream/noderoom/src/app/main.tsx
100644 b2ddd843deed581c12810ecd808ae560b33e78db 0	upstream/noderoom/src/app/numberFormat.ts
100644 7cd2abec4f892d1e78a1b07015674d40653c982a 0	upstream/noderoom/src/app/providerParserAdapter.ts
100644 7dbdc775a0dab2110c302359b8b3b5a7b8c1b064 0	upstream/noderoom/src/app/roomStore.ts
100644 2fb884c4531ab08f611c2bd4460443a0db1693e4 0	upstream/noderoom/src/app/spreadsheetIndex.ts
100644 9ae0c6e50719798bc9b6b6bada93a0b1e110e872 0	upstream/noderoom/src/app/spreadsheetParser.ts
100644 80c52c703283784029b382ab3837cf0be307768a 0	upstream/noderoom/src/app/store.tsx
100644 c8bf357cbae4af590f07c5cd497ad5fa67485960 0	upstream/noderoom/src/app/styles.css
100644 b18c8245dbe434d328105f31922deacafa9b16f4 0	upstream/noderoom/src/app/uploadedArtifact.ts
100644 586e4f295b8fa6e8fc172d9c1c1b08c95b619473 0	upstream/noderoom/src/benchmarks/costSimulator.ts
100644 de348b6da85126ebfac341c5f0c90871206305eb 0	upstream/noderoom/src/benchmarks/golden/dataset.ts
100644 8beadb82f2405e2b1f1d5c8c34c7e7e3fbf71947 0	upstream/noderoom/src/benchmarks/golden/grader.ts
100644 7f764116c666e4ac92ef48eb612748d7d8960d58 0	upstream/noderoom/src/benchmarks/golden/postGradeMessage.ts
100644 376ad5a8c91d19e7a461f7f78155a7d6b20f3f49 0	upstream/noderoom/src/benchmarks/nonbtb/README.md
100644 77c4fefa89c459d2a37f9f0b1494338fd0957730 0	upstream/noderoom/src/benchmarks/nonbtb/_selftest_bad/nb-01-company-profile/outputs.json
100644 5bec7e2eb21a86d56fe3176b53a3406587bc0fe2 0	upstream/noderoom/src/benchmarks/nonbtb/_selftest_bad/nb-02-vendor-pricing/outputs.json
100644 233d9c779412ecfbb7f7c3777859f3f786ba60cb 0	upstream/noderoom/src/benchmarks/nonbtb/_selftest_bad/nb-03-reconciliation/outputs.json
100644 e4a8342720909645eedf66e2490571bbac98851f 0	upstream/noderoom/src/benchmarks/nonbtb/_selftest_good/nb-01-company-profile/outputs.json
100644 05ed9f75207c2deaf47e07ea4b2a8174b4240971 0	upstream/noderoom/src/benchmarks/nonbtb/_selftest_good/nb-02-vendor-pricing/outputs.json
100644 21095cf54d711df788c9fd1864f8926525cde62a 0	upstream/noderoom/src/benchmarks/nonbtb/_selftest_good/nb-03-reconciliation/outputs.json
100644 c582e7e396385c8ea73e871c53c50689b3402edb 0	upstream/noderoom/src/benchmarks/nonbtb/grade.py
100644 df0ad08754ab52f80576c02b3f131858f10d6ece 0	upstream/noderoom/src/benchmarks/nonbtb/nb-01-company-profile/prompt.md
100644 dd611b45641a07fc1bcee714cf688592293f870a 0	upstream/noderoom/src/benchmarks/nonbtb/nb-01-company-profile/rubric.json
100644 c4afa9dd59e0d25a981f5b4e9cf155f8675aba46 0	upstream/noderoom/src/benchmarks/nonbtb/nb-01-company-profile/source_financials.csv
100644 f3ae3404b929f09ce545935911d873d76f73d73e 0	upstream/noderoom/src/benchmarks/nonbtb/nb-01-company-profile/source_shares.txt
100644 d5432f0e56c2edd8e2bba5ac75a9d26fed5320c5 0	upstream/noderoom/src/benchmarks/nonbtb/nb-02-vendor-pricing/prompt.md
100644 b8899793645c015807150b5c83e4902e300809fc 0	upstream/noderoom/src/benchmarks/nonbtb/nb-02-vendor-pricing/quotes.csv
100644 f819c21e51c946cc45eae6b1326fc8592b3a64d5 0	upstream/noderoom/src/benchmarks/nonbtb/nb-02-vendor-pricing/rubric.json
100644 9121b0624b74c83ab9c76e827d487f5259ae110d 0	upstream/noderoom/src/benchmarks/nonbtb/nb-03-reconciliation/bank.csv
100644 e10e442877ed109d768313fb542af47b9e5bfaef 0	upstream/noderoom/src/benchmarks/nonbtb/nb-03-reconciliation/ledger.csv
100644 2b0e570c51e5008dce2d108308c17ea509b83acb 0	upstream/noderoom/src/benchmarks/nonbtb/nb-03-reconciliation/prompt.md
100644 5938f20758ff625b34f0ab8fb49c7ff6471f5f55 0	upstream/noderoom/src/benchmarks/nonbtb/nb-03-reconciliation/rubric.json
100644 e7d3fdd72febe195eb9b1dd1dd4e8c3d18a2e316 0	upstream/noderoom/src/design/designSystem.ts
100644 4a9e7267fa90fc09469d226126b958b24ab8a598 0	upstream/noderoom/src/engine/artifactMeta.ts
100644 8e64d442482dac455011eec55a100ab95b926bc0 0	upstream/noderoom/src/engine/columns.ts
100644 473af8e195dd00f6f094a9f6444a415e7ce542cb 0	upstream/noderoom/src/engine/demoRoom.ts
100644 b04780aff9cc2c7625636f6c13e1aa5928be9d23 0	upstream/noderoom/src/engine/merge.ts
100644 5d242ef0a7d2cec1532ef670508c72ecc4f4a218 0	upstream/noderoom/src/engine/roomEngine.ts
100644 810e6d0868b1c75d1d22c33faf37b03b80e46d7d 0	upstream/noderoom/src/engine/types.ts
100644 d6c48e0024d142b7e8b2a39ef3f346ec9a0952a6 0	upstream/noderoom/src/eval/agentWorkspaceSandbox.ts
100644 377c9405623bf821efddaf5e4164202a9f9fe2b9 0	upstream/noderoom/src/eval/architectureBudget.ts
100644 e6a95a687f3693866e6bb7e7e0f6bcd4fab096b8 0	upstream/noderoom/src/eval/bankerToolBenchAdapter.ts
100644 1fb1743a76c366377db71fc9b494832e6e5790f9 0	upstream/noderoom/src/eval/bankerToolBenchEvalLedger.ts
100644 eb280429c92dde9a42783e2f2c29ee36126bb1c6 0	upstream/noderoom/src/eval/bankerToolBenchFullSuiteGate.ts
100644 ba8e115e35a799aad557e3a56cb39a46605ed1c8 0	upstream/noderoom/src/eval/bankerToolBenchLiveSuiteGate.ts
100644 654775f0948f226e29e43c9d081f569b77af4723 0	upstream/noderoom/src/eval/bankerToolBenchManifestLock.ts
100644 81f76a53f76b1e98e09e2c8819109705093af48e 0	upstream/noderoom/src/eval/bankerToolBenchNodeAgentGeneral.ts
100644 95e87743867b8b126544eaa4c88ca3657fb32640 0	upstream/noderoom/src/eval/bankerToolBenchNodeAgentSmoke.ts
100644 1c779e8280ca219e33f9c4bb974f02e85a9b2178 0	upstream/noderoom/src/eval/bankerToolBenchOfficialContract.ts
100644 594f8b04465775d3f4ee32d1e186c0f6d20b6dd7 0	upstream/noderoom/src/eval/bankerToolBenchRunner.ts
100644 cf6578093a228ef89c9f6d9bf1616af91050adfa 0	upstream/noderoom/src/eval/bankerToolBenchStage.ts
100644 ca14bee0cd1dd41b6f91b5b0824a8f4ff9968890 0	upstream/noderoom/src/eval/benchmarkContamination.ts
100644 bf4b8e6002cc12c0ea145d7cb6c24be6c351afe0 0	upstream/noderoom/src/eval/btbTaskCoverage.ts
100644 5a5abcd0bde401e422df1f88de1e114bf8afa5c9 0	upstream/noderoom/src/eval/convexBoundaryPolicy.ts
100644 182ce37debde49eec6a5201efbe9e51b848c76c9 0	upstream/noderoom/src/eval/convexDeployVerify.ts
100644 7458cadeadfa03a207047e6d962f5908e71d933e 0	upstream/noderoom/src/eval/designQuality.ts
100644 4a78301ab1496bcacd734ad33ef5f82c8ca0e1ae 0	upstream/noderoom/src/eval/designQualityBrowserEvidence.ts
100644 8819886e0a3fc4f5853aa71f015d5b798b32faa3 0	upstream/noderoom/src/eval/dockerSandboxProbe.ts
100644 d4a72917977711f7434f95f9ed19c4d13b45fed5 0	upstream/noderoom/src/eval/evalTrustPolicy.ts
100644 49a495edf7c6c89e8c6e14c73dffd2480e387837 0	upstream/noderoom/src/eval/freshRoomProofReceipts.ts
100644 7803ba21637c2fccd0475601b211eda1c95172aa 0	upstream/noderoom/src/eval/haloSelfImprovement.ts
100644 02f366959c2c56f64258ef56493e3e0c3f3aa633 0	upstream/noderoom/src/eval/improvementArtifacts.ts
100644 36e7ddbdeac222eaa995adbbea0b76a2a5816e2f 0	upstream/noderoom/src/eval/officialBenchmarkReadiness.ts
100644 f0d908d678c684089b939f05b3f36506f5d49d72 0	upstream/noderoom/src/eval/officialBenchmarkTaskCoverage.ts
100644 a2f293949dbd7aa421cd3e1cd5d60872054b1f33 0	upstream/noderoom/src/eval/officialBenchmarkUiCoverage.ts
100644 8605713982146b6e29b00ee0cd2ba35d8e15993a 0	upstream/noderoom/src/eval/openRouterConvexBenchmark.ts
100644 3f7a2b1d5bd1ac1cd941e9040837b69735274d12 0	upstream/noderoom/src/eval/proofloopAdapterBlockers.ts
100644 73806b0d5d3d90fae04256eb648c0728a3128ddb 0	upstream/noderoom/src/eval/proofloopAgentAdapters.ts
100644 3e5395634471a8ac52d4172000752da53443a0b9 0	upstream/noderoom/src/eval/proofloopAgentFriendlyCli.ts
100644 56cfc168b37fdf7b4d40ca6a825b5c598dda9cc9 0	upstream/noderoom/src/eval/proofloopAgentFriendlyProject.ts
100644 53288e51e7b0f63c919d64422992e7dcf0bf1815 0	upstream/noderoom/src/eval/proofloopAppAdapter.ts
100644 eb0e1cbcc636da9f04ac9461e162584d4b6a5641 0	upstream/noderoom/src/eval/proofloopArtifactHandoff.ts
100644 d948d79e0b2741c3d4db2c700d367839ea423373 0	upstream/noderoom/src/eval/proofloopArtifacts.ts
100644 4432e5bd80b793ee322973987453c2a362cc1b7c 0	upstream/noderoom/src/eval/proofloopBenchmarkAdapters.ts
100644 f7d1653294dd7a877a7d0573de0b6c15b1358477 0	upstream/noderoom/src/eval/proofloopBenchmarkBoard.ts
100644 1f42278e42b496bd5688b1b650cc305391cfaf35 0	upstream/noderoom/src/eval/proofloopBenchmarkNormalization.ts
100644 2bf0d0f2f7f11488e392aa87834d15acbf3f09b5 0	upstream/noderoom/src/eval/proofloopBlockerSolver.ts
100644 09b13a4ed4542c0149b73b4051ada43bb8f6b939 0	upstream/noderoom/src/eval/proofloopBuyerValidation.ts
100644 17135a86eca4309d3784e1097794b19d1b0d87ff 0	upstream/noderoom/src/eval/proofloopChartPack.ts
100644 c0bde3bed0f80551b071a37022e9800c1aa08802 0	upstream/noderoom/src/eval/proofloopCi.ts
100644 f5f7887dcdf32a625b7eb3d40ff475d3c4453bdf 0	upstream/noderoom/src/eval/proofloopCodeGraph.ts
100644 020c8626ab9523ec8d76eafaae42212148245a45 0	upstream/noderoom/src/eval/proofloopCodexLoop.ts
100644 a6b389dcec097e6606a1a2d57cca7e2647ad2caa 0	upstream/noderoom/src/eval/proofloopCodexRelaunch.ts
100644 fc050293458b2d4d17c06ce7eddc77e2287cb48b 0	upstream/noderoom/src/eval/proofloopCompanyTaskCoverage.ts
100644 3ae074bcff96a7f2c669359af9e94861a20ca04c 0	upstream/noderoom/src/eval/proofloopFullProxyBenchmarkSweep.ts
100644 1815f68eb5f0bb693d95341006c744fcb645abb5 0	upstream/noderoom/src/eval/proofloopGoalSupervisor.ts
100644 36166b7beedc509e2dff58ac931cf0bc71fcd33b 0	upstream/noderoom/src/eval/proofloopHarnessEconomics.ts
100644 74c543656d82887be12af8d095a3c2452384cd0f 0	upstream/noderoom/src/eval/proofloopHooks.ts
100644 51db6d726e12f2846cc96758a8aee0f58df18869 0	upstream/noderoom/src/eval/proofloopLiveBrowserCompletion.ts
100644 cc3cc3b4ebf0d9f37c6ff58b2100b3f4ff19f60a 0	upstream/noderoom/src/eval/proofloopLiveBrowserPrompt.ts
100644 68b4f5f56ee3c18560f6be21b938d66fb457f238 0	upstream/noderoom/src/eval/proofloopLoopArtifacts.ts
100644 213444784f80bdf0bef3de372ea0ad8406483e92 0	upstream/noderoom/src/eval/proofloopModelTracking.ts
100644 d78e641bd0f5881caf682f698c26e634f69bae3b 0	upstream/noderoom/src/eval/proofloopMultiRepoPackaging.ts
100644 416eb1221ced3834b4c285261b7b3c89f5771723 0	upstream/noderoom/src/eval/proofloopOfficialOutputManifests.ts
100644 59a76931d7b4a2f4f6dbd4b34acf5212c69b7c84 0	upstream/noderoom/src/eval/proofloopPreprodReadiness.ts
100644 68c521b6aa6a2b60da1049111ee766a5290d0396 0	upstream/noderoom/src/eval/proofloopProdBrowserAdapters.ts
100644 8d15f8287d3b946072d8d7dd7571cce0c8811920 0	upstream/noderoom/src/eval/proofloopProdProxyBenchmarkMatrix.ts
100644 f51e77c60b4c1012dbe79200667a375f400934e2 0	upstream/noderoom/src/eval/proofloopProdProxyLongRun.ts
100644 bd7b7a017b6b028a8b2496501cda22e35280887b 0	upstream/noderoom/src/eval/proofloopProviderSetup.ts
100644 6edd3dc55ea0a9d351701bcfa4f73eb6efa60460 0	upstream/noderoom/src/eval/proofloopRegressions.ts
100644 e92e563f1997e113f80759033cc70c75536b4f33 0	upstream/noderoom/src/eval/proofloopRouteIntegrity.ts
100644 9a19b5e86392ac07ff32c67640a2e356aee88d6d 0	upstream/noderoom/src/eval/proofloopSetup.ts
100644 f409ce0bf7e19e31db01f707080d2b4fabde31d6 0	upstream/noderoom/src/eval/proofloopStandaloneRunnerPlan.ts
100644 1c0825c233e777cb1a99dbef7fa492e521032746 0	upstream/noderoom/src/eval/proofloopToolUse.ts
100644 d89608bc3428a101e708e6bee6d4eb33551378e2 0	upstream/noderoom/src/eval/scaffoldApply.ts
100644 0816c760dc86726a2078f6669ab1f4c9bd786f44 0	upstream/noderoom/src/eval/scaffoldGate.ts
100644 93e629329ab97574f479b06622b1cf10b2586d6b 0	upstream/noderoom/src/eval/scaffoldProposal.ts
100644 3b0f65c898adae878326b3bbb57af3312d4fd4a9 0	upstream/noderoom/src/eval/secXbrlAudit.ts
100644 82605903dc7d3afe67d0bbc48ea4ad6c31a0afaf 0	upstream/noderoom/src/eval/spreadsheetBenchAdapter.ts
100644 a3687133c555c7217f1818033b2025cc6d70acc5 0	upstream/noderoom/src/eval/spreadsheetBenchChartScorer.ts
100644 9f0bc485d8ff1fb893d2d945dc6f98e8df850d09 0	upstream/noderoom/src/eval/spreadsheetBenchChartVisualProbe.ts
100644 7c1edfbf36bd3403836931bdc3a19aa33cdc514f 0	upstream/noderoom/src/eval/spreadsheetBenchRouteSelection.ts
100644 b83a8af0d8be122a3024154160d1f558479ed967 0	upstream/noderoom/src/eval/spreadsheetBenchRunner.ts
100644 2a268181561cc726c615997029217f94d83a0553 0	upstream/noderoom/src/eval/spreadsheetBenchScorer.ts
100644 ab4db5a6ad68b407e472f051227ba5ec613d5506 0	upstream/noderoom/src/eval/spreadsheetBenchStage.ts
100644 3998578d7453c7fff3c34cc4f2272680f9f11209 0	upstream/noderoom/src/eval/spreadsheetBenchStageProof.ts
100644 fa94afc66c7fd41b833a1182e3fc927b7622c824 0	upstream/noderoom/src/landing/AlwaysOnCards.tsx
100644 92f7324b5cdf5336aa451d63667ca6510ee3be75 0	upstream/noderoom/src/landing/LandingStory.tsx
100644 de30cc5315bf543b9d0fdc1ad57ea27a007b1844 0	upstream/noderoom/src/landing/LayerCard.tsx
100644 2b3907f27f672552b08217a899b774bb83038298 0	upstream/noderoom/src/landing/LayerVisual.tsx
100644 06285555a77f25710065f5bfecceb3e75768b393 0	upstream/noderoom/src/landing/ProofBoard.tsx
100644 cdacd9e05db25979f1f239e1e09b963894281016 0	upstream/noderoom/src/landing/SpreadsheetScene.tsx
100644 771f9b19a27ab9b4cf26ae843fef33d2f9486bbf 0	upstream/noderoom/src/landing/StoryLab.tsx
100644 bc68753e2a2fe0e1549fd8965d2c81500e921701 0	upstream/noderoom/src/landing/StoryQuickDemo.tsx
100644 1ca8c61f64952716cc29b6855e6b504681ca4db4 0	upstream/noderoom/src/landing/StoryStage.tsx
100644 9010a8b91c517955c513cc4704cf62b6001eafe4 0	upstream/noderoom/src/landing/landingStory.css
100644 6dfc26d29458f14be737a3eec05a436cdd61c5c2 0	upstream/noderoom/src/landing/modelRegistry.ts
100644 4f7f3ddacd9fddf1d52215b690d552c513f5cfcb 0	upstream/noderoom/src/landing/roomTour/RoomTour.tsx
100644 23ec2d08bd0cdde3d3f05604b5a86799c7396dd7 0	upstream/noderoom/src/landing/roomTour/RoomTourArtifact.tsx
100644 c89260ecb06153e10388a993a46c67f63b24714c 0	upstream/noderoom/src/landing/roomTour/RoomTourFlows.tsx
100644 b4d2d210fc1aed0bfd1363d5d10b431f6342dfe5 0	upstream/noderoom/src/landing/roomTour/RoomTourIcons.tsx
100644 d96e14d845db35363bdf0841b20df75b8c4b8ee0 0	upstream/noderoom/src/landing/roomTour/RoomTourPanels.tsx
100644 db627f258d77237d2945845d966ff2dd6defe4a8 0	upstream/noderoom/src/landing/roomTour/RoomTourShell.tsx
100644 ee009f2a7f57c013e2fb3731bce3571dece87b4b 0	upstream/noderoom/src/landing/roomTour/roomTour.css
100644 bfacfaf696929742c3ecbc089d86c691443b56fd 0	upstream/noderoom/src/landing/roomTour/roomTourData.ts
100644 14b8bfd70732566add53ebd4be34dd47833efdb4 0	upstream/noderoom/src/landing/storyQuickDemoModel.ts
100644 3d5a9ba40b96449bcda2b1c09fd50dd9af03f3cc 0	upstream/noderoom/src/landing/storyTape.ts
100644 3f5b207d5d1af5e96bd670b1528ad19769c3bc01 0	upstream/noderoom/src/lib/models/modelRouter.ts
100644 c295128f7cafcd515cfce87e24d1277bedeb9501 0	upstream/noderoom/src/lib/models/providers/gemini.ts
100644 68447570c0043103f7319a76a320ee22ebbdcdc0 0	upstream/noderoom/src/lib/models/providers/nebius.ts
100644 f67d9064a20b6070fd840d312f10b24df759e1c3 0	upstream/noderoom/src/nodeagent/analytics/coachEvents.ts
100644 7c492fcb0b9cdd87fb1fd47c50373a648726a797 0	upstream/noderoom/src/nodeagent/capture/captureSource.ts
100644 feaa3dbf05cf904eb0185863247e0531b6798889 0	upstream/noderoom/src/nodeagent/capture/guards.ts
100644 fa3d8f00082db5beaf7fd114079a8bbed584a5c8 0	upstream/noderoom/src/nodeagent/capture/index.ts
100644 011887104949c534e5c60b719ed4a94e37074523 0	upstream/noderoom/src/nodeagent/capture/pdfBox.ts
100644 ec0960fa24d1292378d86e34cd1ce7bc5e8354bc 0	upstream/noderoom/src/nodeagent/capture/pipeline.ts
100644 8b3514928ae48b5a98a915ff1202f563f84e5617 0	upstream/noderoom/src/nodeagent/capture/reasoning.ts
100644 19b1aa96efeb17eb92b3178f35a4d8c8bfafb934 0	upstream/noderoom/src/nodeagent/capture/secFacts.ts
100644 5ef7c35cfec5a16eac7246d16603f93903d0edd1 0	upstream/noderoom/src/nodeagent/capture/substrate/browserbase.ts
100644 b055ac9e41269618570d2cd80adaf4dc248bf848 0	upstream/noderoom/src/nodeagent/capture/substrate/firecrawl.ts
100644 e76742efa0a8c361e9ce7b8d0d622a5b029b6a5d 0	upstream/noderoom/src/nodeagent/capture/substrate/index.ts
100644 4023b9b9c0def46f1e3beada268cf6f979c7638c 0	upstream/noderoom/src/nodeagent/capture/types.ts
100644 994877b03734ea6c1c646cdbf885f6192d37c605 0	upstream/noderoom/src/nodeagent/components/CellEditor.tsx
100644 2482580cee7e95f05d4af7c42d16acaf64356052 0	upstream/noderoom/src/nodeagent/components/CostDashboard.tsx
100644 bfaa69000d0a658fb1db1bf50063ed32daf20e37 0	upstream/noderoom/src/nodeagent/components/LinkupSourceOverlay.tsx
100644 973b6e26ad120b07f702ab0dd1927f9af237bbc5 0	upstream/noderoom/src/nodeagent/components/RunwayChart.tsx
100644 48f14cd92d6ac596f5a7c6c5fd1906bc7d02ceb8 0	upstream/noderoom/src/nodeagent/components/SmartGrid.tsx
100644 ff54ede88aa7fbe6699db7a3b1a93122508b8c62 0	upstream/noderoom/src/nodeagent/components/StreamingTerminal.tsx
100644 db92b58dd80577c0528c2056b03bd75e4714259d 0	upstream/noderoom/src/nodeagent/core/adaptiveRouter.ts
100644 9772ca452064d35d8b615af665ea1ad84288f98a 0	upstream/noderoom/src/nodeagent/core/budgetProfiles.ts
100644 4d5f4d92b294105801f6cb0940374c5cd17e4e6d 0	upstream/noderoom/src/nodeagent/core/contextCompactor.ts
100644 ac1337137c85ce55d14f867f71698f4c3b56d8ac 0	upstream/noderoom/src/nodeagent/core/contextPack.ts
100644 d8aaa969c0558cdd8ed5f325747c1c5ef83526d0 0	upstream/noderoom/src/nodeagent/core/creditLedger.ts
100644 cd5042d810ea4e6269f8770ad5daff3a42e9a5e5 0	upstream/noderoom/src/nodeagent/core/creditModel.ts
100644 606629524690cb9ef0587ce0f08eb835b51568c3 0	upstream/noderoom/src/nodeagent/core/fanoutPlanner.ts
100644 4e0de1a447746c7256c5f229ca5834642701c66b 0	upstream/noderoom/src/nodeagent/core/formulaEngine.ts
100644 f42465f11624df069bcea6b87eace915d79e4dc9 0	upstream/noderoom/src/nodeagent/core/frameReducer.ts
100644 f8cf05f230b34013f71aa273de449101bcae6ba7 0	upstream/noderoom/src/nodeagent/core/frameRunner.ts
100644 e339016eaaba41b8d519a184d861926ed8a51939 0	upstream/noderoom/src/nodeagent/core/frameVerifier.ts
100644 2863e36a5c31c1da79a0bf22b8ceb2c99b034fe3 0	upstream/noderoom/src/nodeagent/core/freshJudge.ts
100644 e74a30411206748c718ff94973e67cb6a940054e 0	upstream/noderoom/src/nodeagent/core/hmdaUnderwritingExecutor.ts
100644 248e4922661f920445f7fd418830d15e8c0a09ea 0	upstream/noderoom/src/nodeagent/core/hooks.ts
100644 ffb8df7e9944cae8078f9de96c097ee73dd840ac 0	upstream/noderoom/src/nodeagent/core/idempotency.ts
100644 07272bb985f1eb72f2fece001b5816e7c159c815 0	upstream/noderoom/src/nodeagent/core/intakePreflight.ts
100644 b1cf6d8c140d4f63ff7abe35205bf5e7056019db 0	upstream/noderoom/src/nodeagent/core/journal.ts
100644 45229e0f307c09abf4d64774fefe28493a292e2d 0	upstream/noderoom/src/nodeagent/core/memory.ts
100644 91b71031bb3646d5f4555267207cf7b478a474d8 0	upstream/noderoom/src/nodeagent/core/orchestrator.ts
100644 a8c1d687c4367cec6eb3e8d73980be7bf09acdbf 0	upstream/noderoom/src/nodeagent/core/plans.ts
100644 32fc2374b7e951a9e9784ca7570e3dd1aa461ae1 0	upstream/noderoom/src/nodeagent/core/proofloopSupervisor.ts
100644 2aa56f1eaa714b6a00fdf228456a2135385ee4d3 0	upstream/noderoom/src/nodeagent/core/reasoningFrames.ts
100644 24bceb232b2861848bebc77c3343c513927bd38f 0	upstream/noderoom/src/nodeagent/core/runtime.ts
100644 a02047e45ece29e608de01220b322903bd2825fc 0	upstream/noderoom/src/nodeagent/core/state.ts
100644 9817281e406cfb9117f38e66fdc14776813c2326 0	upstream/noderoom/src/nodeagent/core/stateBridge.ts
100644 82216b5beeb9d2a46dc70ec04e6391ed61094c04 0	upstream/noderoom/src/nodeagent/core/stream.ts
100644 b3ff475b229bf750835c2eca5de3dc22c676a0f5 0	upstream/noderoom/src/nodeagent/core/streamManager.ts
100644 766c4115d05360220f8e13cf8da19bdb09072547 0	upstream/noderoom/src/nodeagent/core/subagentDispatcher.ts
100644 43db4db8b4e8e8a6155200926bd1877aa89aa9a9 0	upstream/noderoom/src/nodeagent/core/types.ts
100644 fb26fc8c140ffda50343237d3feab2ed25a2fe75 0	upstream/noderoom/src/nodeagent/core/worldModel.ts
100644 3634baac27329ab390b08a7737dc31bf56cc855c 0	upstream/noderoom/src/nodeagent/domains/financeNodeAgent.ts
100644 dfca991c995e1287ee85c849cd204a4cecec5488 0	upstream/noderoom/src/nodeagent/domains/index.ts
100644 c3c0ae425c133449469ec9eb0e5b8eebb317ca39 0	upstream/noderoom/src/nodeagent/domains/notificationWorkflows.ts
100644 71dd036fb409d1169205819a24479e025db0be00 0	upstream/noderoom/src/nodeagent/domains/types.ts
100644 9fd547116bfff5dc1d89e14bf7942631be13f632 0	upstream/noderoom/src/nodeagent/guardrails/approval.ts
100644 f29276b6399c67970f7b70c784d07a024c1391a4 0	upstream/noderoom/src/nodeagent/guardrails/circuitBreaker.ts
100644 7c94247ffcbd1b8d72817df5afbb76cd20f9fb01 0	upstream/noderoom/src/nodeagent/guardrails/dataSanitizer.ts
100644 8dcc99585b5e3d43d04c11ace36a46f805e7e332 0	upstream/noderoom/src/nodeagent/guardrails/egressPolicy.ts
100644 fba6a9cd159ed4d1402a54442820d173950809b3 0	upstream/noderoom/src/nodeagent/guardrails/evaluator.ts
100644 ec693220a5c6c782109b241723e831860ffc45be 0	upstream/noderoom/src/nodeagent/guardrails/gateway.ts
100644 b70e82c0d3779b7826f1c7e25d5809732c488c8c 0	upstream/noderoom/src/nodeagent/guardrails/providerEgress.ts
100644 df73f421cc4c2f3804a1ce2b7212ef98a2001125 0	upstream/noderoom/src/nodeagent/guardrails/providerHealth.ts
100644 b46661f9405d6fee4de1f27f6bee435e9b14c9c6 0	upstream/noderoom/src/nodeagent/index.ts
100644 df4b355dc3c9be16f2b84a41ed01ea7473cb55b0 0	upstream/noderoom/src/nodeagent/ingestion/twoPoolOrchestrator.ts
100644 b39549545e0bfb635f39808f43b46656c9e2c23b 0	upstream/noderoom/src/nodeagent/integrations/index.ts
100644 1d4a0315864e81114110f76649261db462b866b3 0	upstream/noderoom/src/nodeagent/integrations/langchain.ts
100644 7ace634c5047441c42fba9a7bc35c34877896371 0	upstream/noderoom/src/nodeagent/integrations/langsmith.ts
100644 4ef09c7fd1b786b099cff0cfc4edb43263c797c6 0	upstream/noderoom/src/nodeagent/integrations/modelInterop.ts
100644 053fbf57d3f2d30bd0c9cfb95841cfae962b6120 0	upstream/noderoom/src/nodeagent/models/adapter.ts
100644 dfa5de2cf4da5f63746212189183cdebd91aff14 0	upstream/noderoom/src/nodeagent/models/convexModel.ts
100644 ee3570433a57f0b6b0bbf015711a81fa9ae54d20 0	upstream/noderoom/src/nodeagent/models/modelCatalog.ts
100644 af7eab47b945f539835cd8c6d587455d1ad74338 0	upstream/noderoom/src/nodeagent/models/openAiTokenLimit.ts
100644 907b552371cbd1ed81cb07304a5af912bea1f7e1 0	upstream/noderoom/src/nodeagent/models/openRouterClient.ts
100644 5a8b312f87047e20c796c30c7f9035314210ef15 0	upstream/noderoom/src/nodeagent/models/openRouterFreeModels.ts
100644 b2e2a850b5c0b743290255d194ff30c0cf4321f6 0	upstream/noderoom/src/nodeagent/models/phaseModel.ts
100644 d1818d6d375e2a7bd7415159ff81d7c082eb82b3 0	upstream/noderoom/src/nodeagent/models/piAiAdapter.ts
100644 a0d47cb9bb8f44076a33b4118459921f44136c54 0	upstream/noderoom/src/nodeagent/models/prompts/index.ts
100644 e5ee35d9fa5e88242b8c048e6ef3b46ee5886535 0	upstream/noderoom/src/nodeagent/models/prompts/runwayDiligence.ts
100644 8a69bde7586d41f7559fa534c9af06ecd9190b8c 0	upstream/noderoom/src/nodeagent/models/prompts/systemPrompt.ts
100644 65bbd1ad03505f368baf114e40f1d507215e3234 0	upstream/noderoom/src/nodeagent/models/providerParserLive.ts
100644 b0e2a38a978d7167e7d22f28d04e04cf9cea3500 0	upstream/noderoom/src/nodeagent/models/scripted.ts
100644 1c563055c23f39d69e3e5ab9ad691047f7fb158d 0	upstream/noderoom/src/nodeagent/okf/bundleReader.ts
100644 f5ce913f74ce46078ae49284da2e50f5cefa8157 0	upstream/noderoom/src/nodeagent/okf/bundleWriter.ts
100644 228116930f733b995f9f8e5808f202885ed56d9e 0	upstream/noderoom/src/nodeagent/okf/concept.ts
100644 34d4f4c97def60c334967d54fd1751cc1936e260 0	upstream/noderoom/src/nodeagent/okf/consumers/okfConceptSearch.ts
100644 aea68f3a2698a2c12d39f2df325f7ff779390d93 0	upstream/noderoom/src/nodeagent/okf/frontmatter.ts
100644 65d3b1fd38129f43ae9293c36631817d54013ba0 0	upstream/noderoom/src/nodeagent/okf/graph.ts
100644 69bb6fad251b9f4f938040bd477a11c07cd5a558 0	upstream/noderoom/src/nodeagent/okf/index.ts
100644 f34128b48e1d2342b4af1ba4fa70d6035231cbd7 0	upstream/noderoom/src/nodeagent/okf/markdown.ts
100644 e4ad4485503d4e9a42138cb73a710550dab43910 0	upstream/noderoom/src/nodeagent/okf/producers/cellProducer.ts
100644 2ebbf4c1f0631503ce8ae379719a7fae04e726f4 0	upstream/noderoom/src/nodeagent/okf/producers/roomProducer.ts
100644 7d8400e121568899f3e6ecaf52a66495d4036fb7 0	upstream/noderoom/src/nodeagent/okf/producers/sourceProducer.ts
100644 e8e8e7bb588f00ecdcb12ea1608e9da8b3748323 0	upstream/noderoom/src/nodeagent/okf/skillCatalog/build-skill-index.mjs
100644 23a38102204ef153bd626f8c944c4c868afb4c4c 0	upstream/noderoom/src/nodeagent/okf/skillCatalog/format.md
100644 2dc023c127910114c31f2cfeca2cf63c7291e063 0	upstream/noderoom/src/nodeagent/okf/skillCatalog/seed.awesome-claude-skills.json
100644 ab2a25c0c6c7dd966f32b39f7103de453e6c627c 0	upstream/noderoom/src/nodeagent/okf/skillCatalog/skill-index.json
100644 a78e0087ee85c95db9131f44a5a31d91db3d21db 0	upstream/noderoom/src/nodeagent/okf/types.ts
100644 123eecd31f602508acc26cb2917c08c7e4c4591b 0	upstream/noderoom/src/nodeagent/okf/validators.ts
100644 d5404209adab71e08fc335400fe312967a97de0b 0	upstream/noderoom/src/nodeagent/retrieval/candidateSlate.ts
100644 408a7574e65023e72dca29b270a504d076b1e650 0	upstream/noderoom/src/nodeagent/retrieval/evidencePacket.ts
100644 fbfcfe761420c6d69e73ae170bce203bdc844ae5 0	upstream/noderoom/src/nodeagent/retrieval/evidenceSufficiency.ts
100644 15c1f519bd206fe7a5277335bef391dd11681ee0 0	upstream/noderoom/src/nodeagent/retrieval/index.ts
100644 a63093168ecb9f64fa1259348d22610a9b8de122 0	upstream/noderoom/src/nodeagent/retrieval/indexes/fullTextIndex.ts
100644 af1737e42aad192fd882a19b6ac6f74c26774711 0	upstream/noderoom/src/nodeagent/retrieval/indexes/graphIndex.ts
100644 c9c236167a4828698e0bb45ff6c40ca17c598c90 0	upstream/noderoom/src/nodeagent/retrieval/indexes/metadataIndex.ts
100644 b223e1e78267d0ce1d2a6eaa33b4e4925fc92923 0	upstream/noderoom/src/nodeagent/retrieval/indexes/pathGlobIndex.ts
100644 00c18f9db5091ae59f306d530493cb660dce49d9 0	upstream/noderoom/src/nodeagent/retrieval/indexes/regexIndex.ts
100644 c053c1ee1558a318108c1edcc507df52fbae5766 0	upstream/noderoom/src/nodeagent/retrieval/indexes/semanticIndex.ts
100644 83b6dee3309436118ee98c523d0aacb8f4bb00ff 0	upstream/noderoom/src/nodeagent/retrieval/indexes/sourceIndex.ts
100644 b47914a07a18a697f4d818d3e7b449ae0eb481aa 0	upstream/noderoom/src/nodeagent/retrieval/indexes/spreadsheetIndex.ts
100644 0e8a478c6ae14aec7f712d6224168aed53c46a45 0	upstream/noderoom/src/nodeagent/retrieval/metrics/retrievalEval.ts
100644 8556fb2e0fe03b0acecb63c82cfd53972a2eea70 0	upstream/noderoom/src/nodeagent/retrieval/metrics/retrievalTelemetry.ts
100644 a6c2f0c2e7ab0389e1664741fa95d1900fac8772 0	upstream/noderoom/src/nodeagent/retrieval/okf/okfConceptStore.ts
100644 03e3b798ffc5658f6b5d377c1870dc301fcfa3e5 0	upstream/noderoom/src/nodeagent/retrieval/okf/okfFilters.ts
100644 c8653f9ba2d17590a280694e5e6aa380686ccdaa 0	upstream/noderoom/src/nodeagent/retrieval/okf/okfFullTextSearch.ts
100644 6a35748956c3aec09daca78ed1510880fcdcc97f 0	upstream/noderoom/src/nodeagent/retrieval/okf/okfGraph.ts
100644 3496553dc77be3a2bfa3b704c9ce128dee2859d6 0	upstream/noderoom/src/nodeagent/retrieval/okf/okfPathGlob.ts
100644 52533e6138a848e0ed73f7b10ad7cb1dfce00bd3 0	upstream/noderoom/src/nodeagent/retrieval/okf/okfRegex.ts
100644 fcd148853f10efcad0b320c6630c93eb7b98e493 0	upstream/noderoom/src/nodeagent/retrieval/okf/okfSemanticSearch.ts
100644 df24fd7f3b542d754381633b2dd5ba950220dffc 0	upstream/noderoom/src/nodeagent/retrieval/ranking/authorityScoring.ts
100644 639b473a1aff5555c9e7007c3933f918c6f77c23 0	upstream/noderoom/src/nodeagent/retrieval/ranking/freshnessScoring.ts
100644 cb3d4a9174b60e4359869b25e7f8216a8752ffe1 0	upstream/noderoom/src/nodeagent/retrieval/ranking/hybridRanker.ts
100644 4045421969147fbff790a84df119b1021419130a 0	upstream/noderoom/src/nodeagent/retrieval/ranking/privacyFilter.ts
100644 d7685e9eff08a036c2679597280bb7a7456dff12 0	upstream/noderoom/src/nodeagent/retrieval/ranking/reranker.ts
100644 5a348f0f28ec9ef81894ed6df0e60701568b69db 0	upstream/noderoom/src/nodeagent/retrieval/retrievalLoop.ts
100644 8c800cc0e44e2346623ee2518f84cf0d758d9211 0	upstream/noderoom/src/nodeagent/retrieval/retrievalPlanner.ts
100644 f24381a3bdc47e64d6360d7eca877d31a4560c49 0	upstream/noderoom/src/nodeagent/retrieval/room/artifactSearch.ts
100644 87d2abeec59801a080cbd601127dbad184ecf5f6 0	upstream/noderoom/src/nodeagent/retrieval/room/proposalSearch.ts
100644 e3904985fb7569681c3d4dc3dfbafac9158cc69a 0	upstream/noderoom/src/nodeagent/retrieval/room/roomStateSearch.ts
100644 43540f04b874f932cda9b395795483598bec2d1d 0	upstream/noderoom/src/nodeagent/retrieval/room/spreadsheetSearch.ts
100644 a8dff32ccfdad3beb0230295ed4ce464c889403e 0	upstream/noderoom/src/nodeagent/retrieval/room/traceSearch.ts
100644 b51e2023c7e80b0c0d56d4591c99632ab7cbd5fc 0	upstream/noderoom/src/nodeagent/retrieval/source/literalFileLocator.ts
100644 5596a1bb1f4c6a24db76b86415abc00030bcdb66 0	upstream/noderoom/src/nodeagent/retrieval/source/sourceCitationResolver.ts
100644 2b7f1c5fc61fe84d7dd2531e7e76e6ae141bdb59 0	upstream/noderoom/src/nodeagent/retrieval/source/sourceOpen.ts
100644 34c0c4b885e7dd8d57bdf036d2543d4787514b47 0	upstream/noderoom/src/nodeagent/retrieval/tools/index.ts
100644 fbe4df3a6a773b9db807c4a07ae15b68119c9631 0	upstream/noderoom/src/nodeagent/retrieval/tools/linkupSearchTool.ts
100644 f321c9b837753ea6f1a4ec960fb55b244d84f6ea 0	upstream/noderoom/src/nodeagent/retrieval/tools/okfTools.ts
100644 29d026282d29ffd5893092d25095caac0c43c6c8 0	upstream/noderoom/src/nodeagent/retrieval/types.ts
100644 c12e87d43b6beb79131bceeb77bc7f8c61550b9b 0	upstream/noderoom/src/nodeagent/runtimeProfiles.ts
100644 49f2dca7d49e8fb386de9c34b64bd749ead2528c 0	upstream/noderoom/src/nodeagent/skills/bankerCoach/btbPackageTool.ts
100644 f3d6d790ae2ca1846c67ba35f2ebda406ea5731b 0	upstream/noderoom/src/nodeagent/skills/bankerCoach/coachArtifacts.ts
100644 63b9964992c5eb60ebcba50df3e87cde978b187f 0	upstream/noderoom/src/nodeagent/skills/bankerCoach/tools.ts
100644 cedad430481b13c7fe8817e4f82de205e5741631 0	upstream/noderoom/src/nodeagent/skills/finance/bulkIngest.ts
100644 f30891820e7bc36d7e2e145e976cacee7386ad2c 0	upstream/noderoom/src/nodeagent/skills/finance/chartValidator.ts
100644 75a3c72af296c17db932b3f42eeae6015e34bf1f 0	upstream/noderoom/src/nodeagent/skills/finance/creditRatios.ts
100644 c800b2f3b430c8eb147ae7ac99c7bdd1b18c0f60 0	upstream/noderoom/src/nodeagent/skills/finance/milestonePlanner.ts
100644 36f51c1633e821645bb2a7056a789b88d371b39b 0	upstream/noderoom/src/nodeagent/skills/finance/runwayForecaster.ts
100644 9cf5cb15550d7279a15719e18bd0695f9c3f3cf2 0	upstream/noderoom/src/nodeagent/skills/integration/downstreamPublish.ts
100644 680db1a71444413a06ef0116c915d8c35c415039 0	upstream/noderoom/src/nodeagent/skills/integration/noderoomAdapter.ts
100644 f72e8915b5f7fd556e853bead09419ad50c199f1 0	upstream/noderoom/src/nodeagent/skills/integration/omnigentAdapter.ts
100644 e44fb4db286e0a3a18d9b6f1cbbcf0eff9343bec 0	upstream/noderoom/src/nodeagent/skills/mcp/index.ts
100644 9fee25e16cd2994acc586f8ff210a66277d7b436 0	upstream/noderoom/src/nodeagent/skills/notebook/notebookTools.ts
100644 7167f1f4cc63493a19f4b20e7dfb20d01b61af46 0	upstream/noderoom/src/nodeagent/skills/search/apifyFounderProfileTool.ts
100644 84e8c8ab2dbd83e5b8d8d4da31c8ae109ae34254 0	upstream/noderoom/src/nodeagent/skills/search/captureSourceFirecrawlTool.ts
100644 e98136213f284e6f2d804da9b2d286a18fe4a7b3 0	upstream/noderoom/src/nodeagent/skills/search/citeInFileTool.ts
100644 965eff7695911f388f57a2c0c284f6f0d18d37dd 0	upstream/noderoom/src/nodeagent/skills/search/fetchSource.ts
100644 82d96c19bb0bf68f7241e6f8c5999643dd891aea 0	upstream/noderoom/src/nodeagent/skills/search/githubProfileTool.ts
100644 10d4163d8af344d3399b9df462801755a8fc359c 0	upstream/noderoom/src/nodeagent/skills/search/linkupClient.ts
100644 d28eceac96bad07be395b230a4949667dbfe7611 0	upstream/noderoom/src/nodeagent/skills/search/linkupTools.ts
100644 9cd8d6c4d988a315e0242b0e94fa0c633524cf1a 0	upstream/noderoom/src/nodeagent/skills/search/secFactsTool.ts
100644 a72e19f42a2017983ed4327a5a6458fcd1a3f2e7 0	upstream/noderoom/src/nodeagent/skills/search/tavilyClient.ts
100644 e43670bcdb54b6c88c8e4d1cb64744ccd47e08f7 0	upstream/noderoom/src/nodeagent/skills/search/tavilySearchTool.ts
100644 1d550884b103929fc242b354026b26862ad7b4dc 0	upstream/noderoom/src/nodeagent/skills/search/youComClient.ts
100644 34f6f6943e04ec323167d3a303f475ef5246d6ed 0	upstream/noderoom/src/nodeagent/skills/search/youComFinanceResearchTool.ts
100644 f320a80fe4e5dfeb96e698f2354bb76d91397cd7 0	upstream/noderoom/src/nodeagent/skills/search/youComResearchTool.ts
100644 821fcaaff83bcf2f4aa9bbf2d674c97c7832a4f2 0	upstream/noderoom/src/nodeagent/skills/search/youComSearchTool.ts
100644 aa9e9a9999740a1180d0f752b7498f7f847b7d3d 0	upstream/noderoom/src/nodeagent/skills/server/productionTools.ts
100644 a7aa819c8e162be868da3b25fff92342a5fcece3 0	upstream/noderoom/src/nodeagent/skills/spreadsheet/algorithmArtifacts.ts
100644 75a45ccf2f7e2cd740408c086a8b0df066c8c58b 0	upstream/noderoom/src/nodeagent/skills/spreadsheet/cellMutator.ts
100644 2826f5d51bee8df27647edeebb1b25d5de8a1351 0	upstream/noderoom/src/nodeagent/skills/spreadsheet/semanticRebase.ts
100644 7c65168dc88bfb426a7bd9c89f1e28739bd1e123 0	upstream/noderoom/src/nodeagent/skills/spreadsheet/versionControl.ts
100644 e1e8097a90fa21a8e7e8c31ddbe06f39b285841c 0	upstream/noderoom/src/nodeagent/tools/index.ts
100644 2d2d43306234bd2fc72bf7ecb0ecfd68ad1e2270 0	upstream/noderoom/src/nodeagent/tools/loadSkillTool.ts
100644 7f88a3f2b5bb9e36cc92c5c5c0106df6c7ad9c93 0	upstream/noderoom/src/nodeagent/tools/schemaIntrospection.ts
100644 d8b4b48b1696cce14c8de7b50b01539cbfe99686 0	upstream/noderoom/src/nodeagent/tools/skillCatalog.ts
100644 18f880ab36a2525a7e695ac1d659a9a0864e6114 0	upstream/noderoom/src/nodeagent/tools/skillSearchTool.ts
100644 fb65b5c7593f153876fe378f7a05d7ff961184c8 0	upstream/noderoom/src/nodeagent/traces/index.ts
100644 b749f933ea44c9837f7346ef213bf1e9b3bf28f6 0	upstream/noderoom/src/nodeagent/traces/traceContextPack.ts
100644 4eb312c085a2cbf75ac6683a68d065aadc0687c7 0	upstream/noderoom/src/nodeagent/traces/traceObservability.ts
100644 c94f8cd72f67c2f6c8ba517a7589a371b6c48987 0	upstream/noderoom/src/nodeagent/traces/traceReceipts.ts
100644 20867d0a5bcaba2ae294ff3297ac7ddcd0a1bb89 0	upstream/noderoom/src/nodeagent/traces/traceRecorder.ts
100644 f73460a3ec9c17cfbe6f0c1b98b1b3f54f60d474 0	upstream/noderoom/src/nodeagent/traces/traceRedaction.ts
100644 5fbda5db697e34852f2364ad6b5008879ae38fb7 0	upstream/noderoom/src/nodeagent/traces/traceReplay.ts
100644 6bd7ac0674267ca641611fe1f48199652aed2cf2 0	upstream/noderoom/src/nodeagent/traces/traceTypes.ts
100644 4e3b9d26ce7b8ecb8a009defcdb8d90fc47ae9d9 0	upstream/noderoom/src/nodemem/adapters/inMemoryAdapter.ts
100644 3395a0c51b493a1fe65be33541a950cace145d34 0	upstream/noderoom/src/nodemem/core/classifier.ts
100644 69047cf7a39830dc9a280972b1aab03d51839607 0	upstream/noderoom/src/nodemem/core/contextAssembler.ts
100644 1af96be98e95c77774ff0076ad3e9b203a905341 0	upstream/noderoom/src/nodemem/core/debouncer.ts
100644 d68105824be5a04789ae09cf8d135e1597be6909 0	upstream/noderoom/src/nodemem/core/dedup.ts
100644 dd0d5c97373254ac66a01f3364c080b79c14625b 0	upstream/noderoom/src/nodemem/core/dedupeKey.ts
100644 ae634ed544d26588a6070869dd9d31838fc1dccd 0	upstream/noderoom/src/nodemem/core/dismissalLearner.ts
100644 fd5a2bd273debd6e60e77da5732a3925b2835784 0	upstream/noderoom/src/nodemem/core/episodeLog.ts
100644 ab79ee94fc6a000445a57decb45b980b2da4b90c 0	upstream/noderoom/src/nodemem/core/evidenceMemory.ts
100644 04e4a1fb02215fe3ccf4d6d3585172521aea0e0e 0	upstream/noderoom/src/nodemem/core/freshness.ts
100644 5b5cc91250b3504a8669482f895a47552cdde414 0	upstream/noderoom/src/nodemem/core/hash.ts
100644 f237996299a3aab028d5fa5b51412f28a22d7f4a 0	upstream/noderoom/src/nodemem/core/invalidation.ts
100644 330f3ae9ea2870527abae6638bcad186c77f309c 0	upstream/noderoom/src/nodemem/core/memoryCompiler.ts
100644 7b37817749d05640f3a3ca5bdbb48e36a889c325 0	upstream/noderoom/src/nodemem/core/policyResolver.ts
100644 6453e4ea0344852b2cce2a9fca4e8998674c49f1 0	upstream/noderoom/src/nodemem/core/retrievalPlanner.ts
100644 1f395ecfb257a351a3baf43abd1d5441bc792736 0	upstream/noderoom/src/nodemem/core/roomConfig.ts
100644 2b84cc39ee8808d4c5910926f6b5a3a140d4f962 0	upstream/noderoom/src/nodemem/core/scanOrchestrator.ts
100644 2f3406a1059c991124ffc96e70f39dc4ef4b9472 0	upstream/noderoom/src/nodemem/core/types.ts
100644 1c89c06c456d9cc125841a0e092ff36f61c44b82 0	upstream/noderoom/src/nodemem/failureMemory.ts
100644 9d17e5d76990ea2796b6a13737479cb8c8131c45 0	upstream/noderoom/src/nodemem/index.ts
100644 b0e11363e0fc1288202f02e83e1a72b93faae5db 0	upstream/noderoom/src/nodemem/memoryContextBuilder.ts
100644 8ad82e1ba8dbb6c41181b49db1e88751f4a097d3 0	upstream/noderoom/src/nodemem/ports/memoryPort.ts
100644 48898907286bd2f71d625b71c18a709b489eaa90 0	upstream/noderoom/src/noderl/loop/attemptLedger.ts
100644 82704deaa157aa29e4786604c825e19c57a35aae 0	upstream/noderoom/src/noderl/loop/evaluator.ts
100644 0c3df5f328543d3c414de3db9380dc9306d28749 0	upstream/noderoom/src/noderl/loop/failureTaxonomy.ts
100644 434b0537627e4250fd4917532a8e16f4678240ad 0	upstream/noderoom/src/noderl/loop/fusionRouter.ts
100644 c0d1530732d9c9eef5d26ae0b0e0602b5ecd91a1 0	upstream/noderoom/src/noderl/loop/index.ts
100644 70bcb152683dc00a77b5e7061712dd3e7dba5b23 0	upstream/noderoom/src/noderl/loop/loopPolicy.ts
100644 42354cf329c167321c9b4af45b4dbffd46ef82ec 0	upstream/noderoom/src/noderl/loop/loopRegistry.ts
100644 8105fc32ba413520f7caa41d40c3ff2fae8d019d 0	upstream/noderoom/src/noderl/loop/memoryWriter.ts
100644 341da9350d8cd5c27180b0ae822cd1d01c56847b 0	upstream/noderoom/src/noderl/loop/rewardBuilder.ts
100644 72b2ae49724db571ecaeb7398fb01008e8fc634c 0	upstream/noderoom/src/noderl/loop/strategyDelta.ts
100644 571e36cd3ceefbc5cbce039142316d66654e93ae 0	upstream/noderoom/src/noderl/loop/types.ts
100644 edec19afd8a46b7a9f32dd9e40bc46d4e2356736 0	upstream/noderoom/src/notebook/blockOps.ts
100644 edfa7f9fa43d3b535dd3cbc753db2dcc8e938cfa 0	upstream/noderoom/src/notebook/extensions.ts
100644 e2e9dc1b0e84e235ccc6b1bf61111ad28651081c 0	upstream/noderoom/src/notebook/seed.ts
100644 ee6304d1e44d2e56ca5e9f33b0c1ee7099a0410f 0	upstream/noderoom/src/notifications/offlineQueue.ts
100644 64df78afb13b882ab3d58c93acfb4a8aef708597 0	upstream/noderoom/src/notifications/tiers.ts
100644 7155d69e8bcaae3cdf59905fd554c5edb78c7c50 0	upstream/noderoom/src/pdf-fixtures/manifest.json
100644 566f0f0f0e2e52b60ac2462ddcdd5c17ff4a3249 0	upstream/noderoom/src/proofloop/codegraph/adapters/cypherExport.ts
100644 d2b9b8ccefdb09cafe128ffe4981c7d45fd71944 0	upstream/noderoom/src/proofloop/codegraph/adapters/sqliteBackend.ts
100644 ad7df0b5474fc902898cc35bedcac9eabd3354e4 0	upstream/noderoom/src/proofloop/codegraph/core/indexer.ts
100644 9bc6b4a14a0260cd5ff71429bca868a8dcf21b03 0	upstream/noderoom/src/proofloop/codegraph/core/query.ts
100644 3f69ddf64066a5c12b2abcb45e8af1ae02179d0e 0	upstream/noderoom/src/proofloop/codegraph/core/types.ts
100644 ebecc6edd815b0ee66b36215ff2409af445ee17d 0	upstream/noderoom/src/proofloop/codegraph/index.ts
100644 0670ec64460bd02ca6be87ec436a860cb547f01f 0	upstream/noderoom/src/proofloop/codegraph/indexer.ts
100644 36cdebf1f9dc97427d4c162749417a508b2bff1e 0	upstream/noderoom/src/proofloop/codegraph/ports/backend.ts
100644 3b8e006776d475c1f2f71247072a033d96d20540 0	upstream/noderoom/src/proofloop/codegraph/types.ts
100644 f46d3eea638a0f6a065bc16fc2a7bc5326d65459 0	upstream/noderoom/src/proofloop/mcp/orchestratorManifest.ts
100644 37614c5e381c4ac57c11265dded42f68589a24e3 0	upstream/noderoom/src/proofloop/orchestrator/index.ts
100644 6d88935f301b280d33f93f52c8a42341059eb144 0	upstream/noderoom/src/proofloop/orchestrator/orchestrator.ts
100644 b0d19588bd2449ee1078043b732b2799ad5c2fbc 0	upstream/noderoom/src/proofloop/orchestrator/types.ts
100644 e7cb824c8584573320606f1ea4b2618a16fa75ca 0	upstream/noderoom/src/proofloop/workers/detectWorkers.ts
100644 875857ea13042667a186e31c3aefab3e0d0da294 0	upstream/noderoom/src/security/auditHash.ts
100644 78839c08baf5bdc58f7aac52fd7b6e5c4f2a5f81 0	upstream/noderoom/src/security/pii.ts
100644 d0391b576a23660c458fec948012bccb140c38af 0	upstream/noderoom/src/security/promptInjectionFence.ts
100644 a8d1e61f6bce803d8ba6ae63abfb822d3f3c0233 0	upstream/noderoom/src/security/rateLimit.ts
100644 4b3e0c4268788f3e177d79c93f59d369717e0100 0	upstream/noderoom/src/security/redaction.ts
100644 33793fc943c47896574ba2ff703fea99e848ad68 0	upstream/noderoom/src/security/sanitize.ts
100644 871d92371b7d96d93d2a0294f7466f964738b0cf 0	upstream/noderoom/src/shared/gridOps.ts
100644 b4f5479f2a5fb4a05ff73282762a67c694927678 0	upstream/noderoom/src/solo/btbFreshRoomMatrix.ts
100644 a780cdf665dd50e85189cc24ffd236d487adc335 0	upstream/noderoom/src/solo/btbGeminiJudgeAttach.ts
100644 a025a5e25575363f2dceced67297d6bd1729f7ca 0	upstream/noderoom/src/solo/proofCaseRegistry.ts
100644 331c7b2ea59c78e8149ed74f03964c830ed252cd 0	upstream/noderoom/src/solo/ralphLoopLedger.ts
100644 c10e053c0cf973959197bb17372f7215e44c81c8 0	upstream/noderoom/src/solo/sfnCommandCenter.ts
100644 4780efa533e12990dc28309933b35e7b28d65f07 0	upstream/noderoom/src/solo/soloEventBus.ts
100644 bb20c6347b34f6eee84026ec96c5018902e03eef 0	upstream/noderoom/src/ui/App.tsx
100644 ddff9fe18efd7a0dc1b34bdfb552c7f2e2059b97 0	upstream/noderoom/src/ui/BtbLiveLedgerPanel.tsx
100644 9e970d47ebd15726e0d4f8df637a98b513ee97b9 0	upstream/noderoom/src/ui/Chat.tsx
100644 d9fa2c889ee1563c9c73274bdd5fb66742115c59 0	upstream/noderoom/src/ui/CommandPalette.tsx
100644 191b4330cd7c0752cb3f8956ae6904f19cb26e0f 0	upstream/noderoom/src/ui/FrontierObservationsPanel.tsx
100644 78863cf1c9c8a83590607e6e0353359f86bc9a3d 0	upstream/noderoom/src/ui/GuidedTour.tsx
100644 7942d439a32f5ff9c9038b635da46feba67997de 0	upstream/noderoom/src/ui/IntakePlanPreview.tsx
100644 dc8ee1aae26e79425347ebe95741c61cb43e4ecf 0	upstream/noderoom/src/ui/Landing.tsx
100644 f699674ff70dcec648d6f15f46fa8595ede0f116 0	upstream/noderoom/src/ui/LeftRail.tsx
100644 6e9b52a8fd6b4e392ed2c987349e05ab0300c94f 0	upstream/noderoom/src/ui/MarkdownBody.tsx
100644 620ca65ba2b960f7c03aacb768bb3943a4d3f429 0	upstream/noderoom/src/ui/NotificationsInbox.tsx
100644 2dbe54ac47e51762380807d12b0d64c50e88252d 0	upstream/noderoom/src/ui/PeoplePanel.tsx
100644 af6045a2a2752298be4e83384c3a9d813c261500 0	upstream/noderoom/src/ui/RoomShell.tsx
100644 55dea1a9191d6e98020501382027924f9f380b3d 0	upstream/noderoom/src/ui/artifactRefs.ts
100644 03a02a7172e857d4464a25a836da8b14beed397a 0	upstream/noderoom/src/ui/artifacts/BankerCoachCueArtifact.tsx
100644 83e45895a86103d0a5e939130d8ec264ea5a6795 0	upstream/noderoom/src/ui/artifacts/BankerCoachPanel.tsx
100644 e74da22225e8f1778f22080b3d9b2fdc73bd9ce3 0	upstream/noderoom/src/ui/artifacts/EvidenceCarouselArtifact.tsx
100644 6d513e8bf66e6526971e59f551019c791de1181b 0	upstream/noderoom/src/ui/artifacts/ReviewRoundUpdateArtifact.tsx
100644 1a02794e114c2c6e793d291f2f743aa49307d2a4 0	upstream/noderoom/src/ui/artifacts/RunwayMilestoneChartArtifact.tsx
100644 10a0127e52f9ea9a46ddc4cfbe4cfd270e09bcbb 0	upstream/noderoom/src/ui/bankerCoachPacket.ts
100644 966952568d3186d418873f0ec32bcf3697e9b217 0	upstream/noderoom/src/ui/chat-scale.css
100644 86d31b1dd5c1393be117ef97127c442c26ab5428 0	upstream/noderoom/src/ui/command-palette.css
100644 ea6de81961cf86eb7335ce818f0672dc5e88b047 0	upstream/noderoom/src/ui/downstreamHandoff.ts
100644 439dac652dd82f6d3eb4a3be663ee337fb990394 0	upstream/noderoom/src/ui/focusMode.ts
100644 fa0e3972da6887e62f7469250fdd11b2f1ec8c21 0	upstream/noderoom/src/ui/graph/EntityGraphDetailPanel.tsx
100644 86bded6628fb09ff4a8affe26751bbd4a4326d4c 0	upstream/noderoom/src/ui/graph/semanticGraph.ts
100644 e6608e2bb82d31779e542723888ae194e441cff2 0	upstream/noderoom/src/ui/graph/semanticGraphFilters.ts
100644 5b49bced64be1faaa54f4f63dd32d39282fe24ed 0	upstream/noderoom/src/ui/graph/semanticGraphLayout.ts
100644 c2b70a6aa8fedd43accbcd040a60b1ac8718e09d 0	upstream/noderoom/src/ui/graph/semanticGraphSelectors.ts
100644 3fd0bd16d3ba1f6cd330a5a4209e96d6865715a9 0	upstream/noderoom/src/ui/graph/semanticGraphTypes.ts
100644 6edee7dc24998be573da0b74149d7c517b574ad7 0	upstream/noderoom/src/ui/insights/NoteworthyInbox.tsx
100644 1e9b6578504b9382b92e913f6bcba3895f7c8ae8 0	upstream/noderoom/src/ui/insights/PassiveAgentChip.tsx
100644 247a9b7cf2bc7fcb705b38c25cc0982aba51f481 0	upstream/noderoom/src/ui/landing.css
100644 ed5ef56890753bcd3cf191a1dd845d98e4ef839d 0	upstream/noderoom/src/ui/mobile/MobileApp.tsx
100644 42b681926ceadd3b0963c6b271b32a1e518045e8 0	upstream/noderoom/src/ui/mobile/MobileAppLive.tsx
100644 778256b337db496164b37c78804d5f9a17cdb917 0	upstream/noderoom/src/ui/mobile/MobileChat.tsx
100644 2b7933f1ee61baefd270fab1542142148f10b9d4 0	upstream/noderoom/src/ui/mobile/MobileDeck.tsx
100644 eb0eaa58a36b6a163f644c71185d043ea3ba900a 0	upstream/noderoom/src/ui/mobile/MobileFiles.tsx
100644 8468410ca89c85a4da8fb1853595aa9db96871a7 0	upstream/noderoom/src/ui/mobile/MobileFrame.tsx
100644 245981cb6934fa176253dff238dbcf060262eb48 0	upstream/noderoom/src/ui/mobile/MobileGapSheets.tsx
100644 c0797676b3040daba0aff54b68855741f0cd6734 0	upstream/noderoom/src/ui/mobile/MobileGrid.tsx
100644 f603d2719378b4bb662adf4f0acfa81aab310c08 0	upstream/noderoom/src/ui/mobile/MobileIcons.tsx
100644 1a8e148745caad7af3d21db18dc86f0683213f08 0	upstream/noderoom/src/ui/mobile/MobileOverlay.tsx
100644 05ccc7a309dd43419ba53177c564e4dfa4d3739e 0	upstream/noderoom/src/ui/mobile/MobileRoot.tsx
100644 5d1b43b19e595c3b8723e7a22b92b9ee4cfe7bf5 0	upstream/noderoom/src/ui/mobile/MobileScreens.tsx
100644 b370a595ea0169711eb2a54b8c1994b8aff317af 0	upstream/noderoom/src/ui/mobile/MobileSettings.tsx
100644 092b112ec5c1b8f545c6464a61d8f06272517604 0	upstream/noderoom/src/ui/mobile/MobileSheets.tsx
100644 e875c3566f28b2e3349982cfa74ea8d435e460f3 0	upstream/noderoom/src/ui/mobile/MobileSkeleton.tsx
100644 1700075fa62360b536c9968ea949dba0c97f5d21 0	upstream/noderoom/src/ui/mobile/MobileTooltip.tsx
100644 96217d389d16a9053b95bf5dec0d7498fc371e24 0	upstream/noderoom/src/ui/mobile/RoomJoinConsent.tsx
100644 a8186edef56285bf3f76b94cf93711f7f600e6a2 0	upstream/noderoom/src/ui/mobile/mobile.css
100644 b24b51426aaa767a04d1411819c1622a9def730b 0	upstream/noderoom/src/ui/mobile/mobileData.ts
100644 d1cabc8a9008808b1f67b1a12e05f2b7b758c304 0	upstream/noderoom/src/ui/mobile/mobileFrame.css
100644 553a1386358273dc05f16b0cd4709f46c622ccc9 0	upstream/noderoom/src/ui/mobile/mobileGestures.ts
100644 2e202fdc9c74ba44297b66c2e731c4a258177f60 0	upstream/noderoom/src/ui/mobile/mobileSettings.css
100644 e480068491e9e4f4a070c5d27838ad34003896db 0	upstream/noderoom/src/ui/mobile/mobileTweaks.ts
100644 3143650acf8f0bca51fdcb838fa3474525a35944 0	upstream/noderoom/src/ui/mobile/mobileTypes.ts
100644 3c95e9aa91a00a7218c8965127f82243d6d50b1c 0	upstream/noderoom/src/ui/mobile/mobileUtil.ts
100644 e8ca6aa933ace73e9c4e975ace540518f806c2ee 0	upstream/noderoom/src/ui/motion/NodeCount.tsx
100644 d7d081b84a28f12ea8d955aa90e99ca7b4b88461 0	upstream/noderoom/src/ui/motion/NodeReveal.tsx
100644 081b405476b91b2058117a96d94f5a473806aa2d 0	upstream/noderoom/src/ui/motion/NodeTextReveal.tsx
100644 ee394456fe51d02fb0ca0d03a357fc4a26a53f9f 0	upstream/noderoom/src/ui/notifications.css
100644 aff6ecc787b95eb548352aa46165cf36d9a3a545 0	upstream/noderoom/src/ui/openRoomReference.ts
100644 7d60125bc24c44a494101bb3662d4d874c9f41ad 0	upstream/noderoom/src/ui/overlay/AttentionOverlay.tsx
100644 cf3ca8f7c67a9018708124143c0bf1e4b21132c8 0	upstream/noderoom/src/ui/overlay/focusBoxesForSheet.ts
100644 cea18da2078415edd1ec495bcd8d4d7ceb0a4424 0	upstream/noderoom/src/ui/overlay/spreadsheetResolver.ts
100644 35bb796920f05c53e7cdb2503e60252bd9756afd 0	upstream/noderoom/src/ui/overlay/types.ts
100644 cd2b02208b365e77bbf1824f0f7b398b5fbf7d56 0	upstream/noderoom/src/ui/panels/Artifact.tsx
100644 fa1b48f073c91dc5899d8bd06ff686f0e3c9bdd4 0	upstream/noderoom/src/ui/panels/KnowledgeGraph.tsx
100644 a29eae4f51326b8ad0247b89e0451a5d5827902a 0	upstream/noderoom/src/ui/panels/PdfCitation.tsx
100644 61e5cfc917b3c718bdbe7112f02bda50767ca86d 0	upstream/noderoom/src/ui/panels/TodaysBrief.tsx
100644 14ea37f99184468c76e7558aad343b4e1e993e89 0	upstream/noderoom/src/ui/panels/TraceFlow.tsx
100644 b4ae4a31c770679985bf0c9b7a582bde2f67d2b9 0	upstream/noderoom/src/ui/panels/TraceObservability.tsx
100644 76d8c272453bfbeb5993324797fd9e29eb2ad87f 0	upstream/noderoom/src/ui/panels/TraceStepRow.tsx
100644 bd3b51d4f3867e8d6ce6e48878c56389eddc4ccf 0	upstream/noderoom/src/ui/panels/TraceSurface.tsx
100644 6e213bf8ed1549dbb745f5b364906c55e571464d 0	upstream/noderoom/src/ui/panels/artifact-receipts.css
100644 3a37346afeafd44fc21f0eb5d09612051d414d16 0	upstream/noderoom/src/ui/panels/notebook-paper.css
100644 f81a6f96342a232c150647b9881f993e6f5aeb49 0	upstream/noderoom/src/ui/panels/officeFilePreview.ts
100644 d80f5623f998fa7104197630ef28dc2496c14d05 0	upstream/noderoom/src/ui/panels/pdfVisualCheck.tsx
100644 d318e3dda5589ee0ceadfe9f77d4f2909d20e9f8 0	upstream/noderoom/src/ui/panels/qaTraceBundles/agent-run.json
100644 a844e716f0b61e9f43f61a169076111dbcdd8c9b 0	upstream/noderoom/src/ui/panels/qaTraceBundles/btb-wbd-citation.json
100644 0f57787547e54238b7079bce4f6922bb2f7a09c3 0	upstream/noderoom/src/ui/panels/qaTraceBundles/ledger-consolidation.json
100644 aac94af5ba9b14a74afe74d4378b11f315914095 0	upstream/noderoom/src/ui/panels/qaTraceBundles/walkthrough.json
100644 2358c23b7103a2ae3e8df8a05c74daa6b1be44d8 0	upstream/noderoom/src/ui/panels/qaTraceBundles/web-source.json
100644 f5352edfdf264468273c7ae7ece5165348c057e1 0	upstream/noderoom/src/ui/panels/trace-run.css
100644 aa37c8720eec577531b9ce4fe98000319002621b 0	upstream/noderoom/src/ui/panels/traceData.ts
100644 db733c2157c5bb9a0f4def41060aed5033b1ec3e 0	upstream/noderoom/src/ui/panels/traceObservabilityData.ts
100644 d0208fd95027dd23c3adc97e77640c6b6b8dcfe5 0	upstream/noderoom/src/ui/panels/workbookFilePreview.ts
100644 0194ace0b3fb3387e6211c6b39fe06825abd77a5 0	upstream/noderoom/src/ui/people-panel.css
100644 405e88652ccd4cc5c63fbd9cd3e2c5d4fce592d5 0	upstream/noderoom/src/ui/presenceLadder.ts
100644 c2c1dd891c223081039af09885d5805d015211bc 0	upstream/noderoom/src/ui/primitives/FocusTrapDialog.tsx
100644 50579bd27bfb38775ea21f568cac320efd41e1a3 0	upstream/noderoom/src/ui/primitives/designSystem.tsx
100644 8896d55c9eed3041058e548fb3284bcac0214d04 0	upstream/noderoom/src/ui/primitives/primitives.css
100644 32be7d03e350e375c70c8daed14925b8524235d9 0	upstream/noderoom/src/ui/room/AgentLaneCard.tsx
100644 2cf9bd02243c003bea146deebc8a7be001e974ac 0	upstream/noderoom/src/ui/room/RoomHome.tsx
100644 066d7abffd23dc6fbeeaccb74dfebe7a7bbab1ec 0	upstream/noderoom/src/ui/signalStatus.ts
100644 4f45c8e5ee86454dee28f141d5c2892e4cfffa6b 0	upstream/noderoom/src/ui/stageFocus.ts
100644 279413da24a97216e604d73e714643620638e58b 0	upstream/noderoom/src/ui/tokens.css
100644 405e4437127c9d320dbce13c7995376842e347d3 0	upstream/noderoom/src/ui/trace/LoopRewardPanel.tsx
100644 6948bb6b5ad2914580be87967c2fd76efca37429 0	upstream/noderoom/src/ui/trace/TraceStorybook.tsx
100644 44a4202494fc4e5e9bd7e96f5e6b32e7520500a2 0	upstream/noderoom/src/ui/traceLens/TraceLensPanel.tsx
100644 8f06d5645a986d038dae741cb465f979bb592791 0	upstream/noderoom/src/ui/traceLens/evidence.ts
100644 185c849784783fa07abcabebc1bdb997bc284dff 0	upstream/noderoom/src/ui/traceLens/surfaces.ts
100644 dddb3ef9c8c40bc88b8813c5c7dd973595cbf90f 0	upstream/noderoom/src/ui/traceLens/types.ts
100644 f2b211edd8f0685c2fb9ff9033e4bd774cf38be7 0	upstream/noderoom/src/ui/traceLens/useTraceLens.tsx
100644 8adca8ec1220ca78454accb8d964fd3f5b3ba1fc 0	upstream/noderoom/src/vite-env.d.ts
100644 9e7b72188f3042cdac92ded11fef44f9ded6fb08 0	upstream/noderoom/src/voice/adapters/browserSpeech.ts
100644 66864bc4954ea01dc5820d0baf3ec7f40f3bd46a 0	upstream/noderoom/src/voice/adapters/mock.ts
100644 79b01e134c3f07e7769a2c6b96e4dfb9365b614d 0	upstream/noderoom/src/voice/adapters/providerHttp.ts
100644 383d3e20c41878756b3d7f403bfc52f77013929a 0	upstream/noderoom/src/voice/adapters/providerSpeech.ts
100644 b1d916a5ef83300dfda98c6969828a441556f8f8 0	upstream/noderoom/src/voice/commandClassifier.ts
100644 aa0d11bebb0f58d1b33b83a05c2b09a5a1f134d0 0	upstream/noderoom/src/voice/gateway.ts
100644 da0b5fd2e0f02edd9a5e831fc4dd18637834f75f 0	upstream/noderoom/src/voice/index.ts
100644 37cf0f393fb9e6fc024cf25e9e68445ae30d044a 0	upstream/noderoom/src/voice/narration.ts
100644 4f3917ef37769617dc146d4a9347d738d5dc57ff 0	upstream/noderoom/src/voice/providerPolicy.ts
100644 9298d2e0c0741875715fb5e62a8fac546056ab83 0	upstream/noderoom/src/voice/roomVoiceAdapter.ts
100644 48669392440b6bb946e07854e98dabd8a1cad83b 0	upstream/noderoom/src/voice/stateMachines.ts
100644 7d3c002e4c0fb584f1f937055ca8148622016645 0	upstream/noderoom/src/voice/types.ts
100644 e2cf639ab32b09f831c830f80dd3902364e5880b 0	upstream/noderoom/tests/accessibilityHelpers.test.tsx
100644 7f619bbb5b82595521cf238adb291a6c50e74698 0	upstream/noderoom/tests/agentJobsSource.test.ts
100644 3bd421eef9213336c7332236b61f10dc8d54423f 0	upstream/noderoom/tests/auditBundle.test.ts
100644 c883810dfda8c0458a3924dbb5bab481b943dce9 0	upstream/noderoom/tests/bankerToolBenchAdapter.test.ts
100644 4435df7a78a0151a5060f72277e1507bb0c66e25 0	upstream/noderoom/tests/bankerToolBenchEvalLedger.test.ts
100644 e2a9a287aa781bf7921e75ca63a3d4a05ad08bb2 0	upstream/noderoom/tests/bankerToolBenchManifestLock.test.ts
100644 c0521306fedf523201383a7621ab877570495f75 0	upstream/noderoom/tests/bankerToolBenchNodeAgentGeneral.test.ts
100644 148dcac6c2b3771f1177ad55258b1721280aa543 0	upstream/noderoom/tests/bankerToolBenchNodeAgentSmoke.test.ts
100644 4dc7223e0fd1e3dcd247a5c84dc337489d9fd92e 0	upstream/noderoom/tests/bankerToolBenchOfficialContract.test.ts
100644 a694259c85d364ec1648a98e282cc67ffb3504d5 0	upstream/noderoom/tests/bankerToolBenchRunner.test.ts
100644 e239b847aa940996def7807451820bf2e051ef50 0	upstream/noderoom/tests/bankerToolBenchStage.test.ts
100644 0a1757fd61adbf228ebeb684c436698025de5234 0	upstream/noderoom/tests/bankertoolbenchFullSuiteGate.test.ts
100644 4bf874767b0f4fc68d6f02f308b40b6f1407f8ef 0	upstream/noderoom/tests/bankertoolbenchLiveSuiteGate.test.ts
100644 d35de6552476402befcf8f7e4b3ead8d9610fc08 0	upstream/noderoom/tests/benchmarkContamination.test.ts
100644 f45b6574b0fe5337a3e6d2a4c432e4a86bd201ab 0	upstream/noderoom/tests/benchmarkGrade.test.ts
100644 8ecb2035a4a42de9b20f4eefae8ef8cb519caf0d 0	upstream/noderoom/tests/benchmarkHarness.test.ts
100644 47c54730e684774722e65273b653bb7243882a47 0	upstream/noderoom/tests/cellHistoryUi.test.tsx
100644 772e4d05155b596da1b948e0858724d719508acb 0	upstream/noderoom/tests/chatBounds.test.ts
100644 f6791b0891a64096a3b604b5789dd8014c17b651 0	upstream/noderoom/tests/chatIntakeRuntime.test.ts
100644 935a1dd376d0018f95b66c7a98b7085f626951c1 0	upstream/noderoom/tests/chatReasoningFrames.test.tsx
100644 3a9a1fe0f0b56c45eda492ef816f09d2a8c78a5a 0	upstream/noderoom/tests/chatScale.test.ts
100644 409ab35e23b9f47d7c3bf1790a193be93e3784d2 0	upstream/noderoom/tests/chatVoiceComposer.test.tsx
100644 4f02e8243520ff86f305a1f573a76fe60d761d04 0	upstream/noderoom/tests/chatVoiceComposerProviderMic.test.tsx
100644 d1e8268261f695c169074d734edbfbf234bda55e 0	upstream/noderoom/tests/codegraph.test.ts
100644 1e0c5b59b3c0bd76079c5f3258a85ba57d4c8b53 0	upstream/noderoom/tests/commandPalette.test.tsx
100644 a49022c5a1b5127a10418eb66426c8b49d9515cb 0	upstream/noderoom/tests/convexCredits.test.ts
100644 504c890fdb49a478c0b63fb5678441c6d82a7b6b 0	upstream/noderoom/tests/convexUploadedWorkbookReadRange.test.ts
100644 d96ad707ad8d0d4f9b91d4f676c9d3b9789aacb9 0	upstream/noderoom/tests/creditLedger.test.ts
100644 8884079c247ab645ce120cdf7e04e15d03ea5d8d 0	upstream/noderoom/tests/creditRatios.test.ts
100644 f6a95b3ce0a43869d8da77ee81911f0b6bced151 0	upstream/noderoom/tests/elementVersions.test.ts
100644 f7b7e3847f6f7ab41c15a9d7bbb282e6b6ff5e7a 0	upstream/noderoom/tests/evidencePopover.test.tsx
100644 5e2ffe8dd11d21bd0fdbe6cbe840a23394d0422b 0	upstream/noderoom/tests/fixtures/codegraph-sample/src/App.tsx
100644 1910242bb766e9b8928b163b3ec5d88d0976eeee 0	upstream/noderoom/tests/fixtures/codegraph-sample/src/components/Badge.tsx
100644 269b576e67e735b39216915e2690945feb8b7d0f 0	upstream/noderoom/tests/fixtures/codegraph-sample/src/components/Widget.tsx
100644 64ed3f26b051ab9cb5f3c050073ec2836cd706ff 0	upstream/noderoom/tests/fixtures/codegraph-sample/src/components/index.ts
100644 cf17faf8a28bd5608ad3040fd3865643feb3f5f6 0	upstream/noderoom/tests/fixtures/codegraph-sample/src/util.ts
100644 5aabec60c56a4c76bbbd2eb8c185514a4d0ba36e 0	upstream/noderoom/tests/fixtures/codegraph-sample/tsconfig.json
100644 32719ae7ef9fd283a2fac8fe86b3eefb98382628 0	upstream/noderoom/tests/fixtures/tooluse/composio-email-triage/trace-forbidden.jsonl
100644 d12a3930665eb95504a01b1fe62abeeca3f4b593 0	upstream/noderoom/tests/fixtures/tooluse/composio-email-triage/trace-missing-required.jsonl
100644 9babf036fdbd878ee9e9a4eb6add31cd9e8791c5 0	upstream/noderoom/tests/fixtures/tooluse/composio-email-triage/trace-namespace-spoof.jsonl
100644 01c3805bdb2bf31c9ae62a3b9dc4a2bb2e78a1d5 0	upstream/noderoom/tests/fixtures/tooluse/composio-email-triage/trace-pass.jsonl
100644 953ad57b9f8808eeaa4a3e20917631584d8931ea 0	upstream/noderoom/tests/guidedTourClamp.test.tsx
100644 4a1db81ed585d7b074e66e8fa3ab305ea1b14a25 0	upstream/noderoom/tests/leftRailUpload.test.tsx
100644 975f16848fb5632d2a6b39908040d8d17cef2b7f 0	upstream/noderoom/tests/multiUserCoordinationProof.test.ts
100644 b5f49ddc752707bfe44c30ef4b27629ae78ccc67 0	upstream/noderoom/tests/nativeNotebookProsemirror.test.ts
100644 2920e4cbee121da1ebf513c9f63874974d0e0ab1 0	upstream/noderoom/tests/nativeNotebookProsemirrorStatic.test.ts
100644 1cbc4cbc5676c9cd4a50b826cbfa1b24e120ce59 0	upstream/noderoom/tests/nebiusNodeAgentAdapter.test.ts
100644 13061f6dabb3bf1f89842841c215fa58fdbd9923 0	upstream/noderoom/tests/nodeagentFrameSmoke.test.ts
100644 ef553442e9f8aabb92a12e76cde00b18162ea7c5 0	upstream/noderoom/tests/nodeagentTraceSpine.test.ts
100644 1daf0e5066ce7f4363c3d76e1580f0788b6bac59 0	upstream/noderoom/tests/notebookAgentOutline.test.ts
100644 e9462060b57c172f9eca846f7f424189721b6cfa 0	upstream/noderoom/tests/notebookBlockOps.test.ts
100644 e304daa502d5899fa0fe3b09dae92c21269ea26e 0	upstream/noderoom/tests/notebookPaper.test.tsx
100644 c64580b86a5d42c266fe8f700a86939464221d5e 0	upstream/noderoom/tests/notebookProcessingTarget.test.ts
100644 9a91cde5cd2de5f6564930c5ab105bd8461b29bd 0	upstream/noderoom/tests/notificationWorkflowsDomain.test.ts
100644 e6447674fa9ea88056a8430660655e7b4d147422 0	upstream/noderoom/tests/officialBenchmarkReadiness.test.ts
100644 93c0b4d16c51fa5fca4b63b7fceb108008932ac2 0	upstream/noderoom/tests/officialBenchmarkTaskCoverage.test.ts
100644 d73c4ff8692a013c120c15c3bb823f0fa174bb9c 0	upstream/noderoom/tests/officialBenchmarkUiCoverage.test.ts
100644 3e609c66ca42aaa61c10b9425a8168eb27c12c6e 0	upstream/noderoom/tests/okfEvidenceWriteGate.test.ts
100644 a5e64e5c3d28e29ee6b5139d75fd0e322c2c34df 0	upstream/noderoom/tests/omnigentNodeAgentAdapter.test.ts
100644 584f4d90a1b68984faa85a9f624696f660a30c24 0	upstream/noderoom/tests/openRouterConvexBenchmark.test.ts
100644 036bd1c575761798d8f307ca7ffcbacf15d8e620 0	upstream/noderoom/tests/passiveIntelligence.test.tsx
100644 da4c60e79df841006a6965bc1e5fe2249f4ce354 0	upstream/noderoom/tests/peoplePanel.test.tsx
100644 b3ad5d6b48e73a4cddb5cbb076e40e0e4783c6e3 0	upstream/noderoom/tests/playwright.benchmark.config.ts
100644 9096663d553b1eb1bfbcbd26198aa2b8fdd13af4 0	upstream/noderoom/tests/presenceLadder.test.ts
100644 0ff36808b0b58f5d4e11ed8ed5ab5382bd5fba8b 0	upstream/noderoom/tests/professionalWorkflows.test.ts
100644 ea13fdf3858669a7f823ae3b81758509686389c3 0	upstream/noderoom/tests/proofloopAdapterBlockers.test.ts
100644 f148a5ae66e7add89a614833468a60fad73967de 0	upstream/noderoom/tests/proofloopAgentAdapters.test.ts
100644 15feb77588e8608adc0152f12e725dd835eba89c 0	upstream/noderoom/tests/proofloopAgentFriendlyCli.test.ts
100644 e69ec34f20b36c417ec566af4c4d78cff5a09bd4 0	upstream/noderoom/tests/proofloopAppAdapter.test.ts
100644 d631d193f7333bca9c83fe0aba2d2e9bd2473e97 0	upstream/noderoom/tests/proofloopArtifactHandoff.test.ts
100644 f0c119c846417c1517fc87b89ac0e39ac59da6f2 0	upstream/noderoom/tests/proofloopArtifacts.test.ts
100644 60db7c410007d6c891c56bd9fdb7129b36d5b9ca 0	upstream/noderoom/tests/proofloopBenchmarkBoard.test.ts
100644 d49057b0ec974fda0655ebdbcbcb08033aa4110d 0	upstream/noderoom/tests/proofloopBenchmarkNormalization.test.ts
100644 898838a7e0ffdc00edc766e0cd31eaa304018aa3 0	upstream/noderoom/tests/proofloopBlockerSolver.test.ts
100644 5415a0a822259dabb6f2cc490fcc993c1afd071e 0	upstream/noderoom/tests/proofloopBuyerValidation.test.ts
100644 e60155ef633435f7250669b0cd455c65f5e61a1f 0	upstream/noderoom/tests/proofloopChartPack.test.ts
100644 f810b8cc2bd841cb45127a1ce8371e1c982fc48b 0	upstream/noderoom/tests/proofloopCi.test.ts
100644 75a4d8d21e594b4d581690b50afaea953061354b 0	upstream/noderoom/tests/proofloopCodexLoop.test.ts
100644 3d146103d6dc0946611512adddca2a0a6a804a9f 0	upstream/noderoom/tests/proofloopCodexRelaunch.test.ts
100644 0e680d5f0b396a502bf2034b66d768c07aace638 0	upstream/noderoom/tests/proofloopCompanyTaskCoverage.test.ts
100644 fae046fd923c63867b59d57f39098b11f67750e3 0	upstream/noderoom/tests/proofloopExternalAdapterTasks.test.ts
100644 2e89c7775478462b207f0e6afcf52d3c08e8588c 0	upstream/noderoom/tests/proofloopFullProxyBenchmarkSweep.test.ts
100644 85d650478e3f5ac63502624ca7fb4e4b77d7178f 0	upstream/noderoom/tests/proofloopGoalSupervisor.test.ts
100644 c45e54929b96fef644c7f51d44b1feded6532bb9 0	upstream/noderoom/tests/proofloopHarnessEconomics.test.ts
100644 1858085cc836f16a164921a7df96020a43b80022 0	upstream/noderoom/tests/proofloopHooks.test.ts
100644 fcc5dab44e8298be35433a4b3cf8ae02cf6d9dfd 0	upstream/noderoom/tests/proofloopLiveBrowserPrompt.test.ts
100644 57fe83c40d4fcd5307841875335afa103d1fbd3c 0	upstream/noderoom/tests/proofloopLocalBenchSetup.test.ts
100644 870f3a7e3e047a3ede1e00651f24c53ad10bcacd 0	upstream/noderoom/tests/proofloopLoopArtifacts.test.ts
100644 09a452c6951cbd300740b6754aa39e42a48df994 0	upstream/noderoom/tests/proofloopModelTracking.test.ts
100644 4e1f4560a8d07233cdb9f7c0341bf552ae114fa3 0	upstream/noderoom/tests/proofloopMultiRepoPackaging.test.ts
100644 6306b8323b0952d86a64a71db6137d167e13b8c4 0	upstream/noderoom/tests/proofloopNpxPackageProof.test.ts
100644 4ab26ab5a1e938f818f521c1046c66a3cb81090c 0	upstream/noderoom/tests/proofloopOrchestrator.test.ts
100644 af138a2ed11efc5f96d702093cac3119fc30cc09 0	upstream/noderoom/tests/proofloopPipeline.test.ts
100644 5ff29fa4ce69c4f3b377da3fea3de028a61ed7bb 0	upstream/noderoom/tests/proofloopPreprodReadiness.test.ts
100644 51bf47b377cbd11b5dc987a69f572c2fd9673364 0	upstream/noderoom/tests/proofloopProdBrowserAdapters.test.ts
100644 42b00e3b11e84e4c274acfc56ef785356f491f3c 0	upstream/noderoom/tests/proofloopProdProxyBenchmarkMatrix.test.ts
100644 7f61f4deead40bc38e7d7b53c5be78967a734bc2 0	upstream/noderoom/tests/proofloopProdProxyLongRun.test.ts
100644 c0171ad4a18d431f615e3fccf2e14e317abbce51 0	upstream/noderoom/tests/proofloopProviderSetup.test.ts
100644 587088e45a6719894bd2407b4b77c94960e03961 0	upstream/noderoom/tests/proofloopRegressions.test.ts
100644 f2f981543c43d9df7a3be5352cc02c21a328dfff 0	upstream/noderoom/tests/proofloopRouteIntegrity.test.ts
100644 fcd40d9ac729e99352a22602333c7e43b0ebeaab 0	upstream/noderoom/tests/proofloopSetup.test.ts
100644 2651d5ea6f3ba395387897482d0cff981f40b4ec 0	upstream/noderoom/tests/proofloopStandaloneRunnerDogfood.test.ts
100644 5019dbfa70cde00dd4f72f16f774852d977008ae 0	upstream/noderoom/tests/proofloopSupervisor.test.ts
100644 ae99e25fe64fec6b6876c8cfc70a7d13b1f6a7bb 0	upstream/noderoom/tests/proofloopToolUse.test.ts
100644 d0b4bde084dcca585e11ac7367bcf049a7ce2d8c 0	upstream/noderoom/tests/providerParserAdapter.test.ts
100644 5cddb0ca5d548c8f8193c1442c65ce2db3008a7c 0	upstream/noderoom/tests/roomActivityEvidenceAdapters.test.ts
100644 eee2a88c8ba1113983f9f9296ed90b0d908ee18d 0	upstream/noderoom/tests/roomHomeWorkLanes.test.tsx
100644 e00c593e75de814a6c531e40dc0b7f1c09be25ec 0	upstream/noderoom/tests/roomVoiceAdapter.test.ts
100644 ce11add75a84a49bbbdafca787c116c932b5a638 0	upstream/noderoom/tests/runTrace.test.ts
100644 bbcdfb94987285b320da891bf3907c197619a882 0	upstream/noderoom/tests/scaffoldProposal.test.ts
100644 413f19f92049b80dfa27ecf3f7fbe727a15b659c 0	upstream/noderoom/tests/semanticGraph.test.ts
100644 6286985fc247a7d0f70f24eb626e6df14ab01840 0	upstream/noderoom/tests/sheetVirtualization.test.ts
100644 ad379f3ff5be587a367d40e008d3fac614eca9ea 0	upstream/noderoom/tests/spreadsheetBenchAdapter.test.ts
100644 4e3e8b7483e9512eb659bf51db2e64816a790d02 0	upstream/noderoom/tests/spreadsheetBenchChartScorer.test.ts
100644 3fe440ab7b8f04633dcca684cf3b5e439c54715c 0	upstream/noderoom/tests/spreadsheetBenchChartVisualProbe.test.ts
100644 80a89bab9058699315367eab293bed36b387d351 0	upstream/noderoom/tests/spreadsheetBenchRouteSelection.test.ts
100644 795143b642b86202776236a2dfd9a3ec40971939 0	upstream/noderoom/tests/spreadsheetBenchRunner.test.ts
100644 8c001ed3cb7e8fbc2c1264ca1a40d3259b6a1197 0	upstream/noderoom/tests/spreadsheetBenchScorer.test.ts
100644 0c3553ad1c99f6d93583613fc883f86c79df608d 0	upstream/noderoom/tests/spreadsheetBenchStage.test.ts
100644 e217c4e73173cfbb010e08cec8cd1edfeb6ee7ba 0	upstream/noderoom/tests/spreadsheetBenchStageProof.test.ts
100644 36a2ad120408769882cf0d6a167d571ae5442248 0	upstream/noderoom/tests/spreadsheetIndex.test.ts
100644 0aad8b2cbfae3e8ffcacda5d6076d9e16986769b 0	upstream/noderoom/tests/spreadsheetIndexRefreshQueue.test.ts
100644 fb0aefd4034a5d65bc9f17383bebb15d04a72fc0 0	upstream/noderoom/tests/spreadsheetParser.test.ts
100644 eeb137b511d94ed71bf6b0d474783f74161e011f 0	upstream/noderoom/tests/traceData.test.ts
100644 0a1c875f9096cd525c5db884c0682fe2de6f35b8 0	upstream/noderoom/tests/traceObservability.test.ts
100644 11a9269bad73494a438277d82a31cc3d8b1a2cdb 0	upstream/noderoom/tests/ui-benchmark-drive.spec.ts
100644 a0f256576d2fef9e79f10ebe0aebcfcae1caef1f 0	upstream/noderoom/tests/uploadedArtifact.test.ts
100644 027b4636971eab5e5b9e41bb923cd9cec0eafae1 0	upstream/noderoom/tests/uploadedFileStorageContract.test.ts
100644 1725a3b3ad82fad1863ac72d15186c4af0ea2fd8 0	upstream/noderoom/tests/voiceAgentArchitectureDocs.test.ts
100644 093617edaf22a9e77fb6bb56b5f5bf48be659fb7 0	upstream/noderoom/tests/voiceFreeAudioLiveProof.test.ts
100644 e812eb43a0b37aeab66126ba052e7dfc394d3d26 0	upstream/noderoom/tests/voiceFreeAudioProofloop.test.ts
100644 1a2c92cfdd899899485a109a18f1c76c3f100c60 0	upstream/noderoom/tests/voiceHostedTtsProviders.test.ts
100644 999006e9218b4712f2f0f063f6a37d2852367058 0	upstream/noderoom/tests/voiceProviderHttp.test.ts
100644 6282fa3ef17e6e51e4de367a8b070ce84d0cfe23 0	upstream/noderoom/tests/voiceProviderPolicy.test.ts
100644 41014f20f7c020814a33d1260de38c979528abe6 0	upstream/noderoom/tests/voiceSession.test.ts
100644 2c64720a7df23c97dd4e55e7d66f164cfa58cfe3 0	upstream/noderoom/tests/workflowEvals.test.ts
100644 12d1349fef859fad01cd812c617f4938620eb85e 0	upstream/noderoom/tsconfig.json
100644 8e2e6c472e4c546659ab29ab8f14f935a20ce725 0	upstream/noderoom/vitest.config.ts
